caption_id,caption_text,len,times_used,total_earnings,performance_score,source,created_at,cleanup_reason
20393,"üçí",1,2,70.0,35.85,internal,"2025-12-12 02:43:02",VERY_SHORT_LOW_PERFORMANCE_WITH_EARNINGS
20156,"üíï",1,2,82.0,27.07,internal,"2025-12-09 12:51:51",VERY_SHORT_LOW_PERFORMANCE_WITH_EARNINGS
20041,"üéÄ",1,1,36.0,16.06,internal,"2025-12-09 12:51:04",VERY_SHORT_LOW_PERFORMANCE_WITH_EARNINGS
20200,"üíó",1,1,30.0,13.1,internal,"2025-12-11 05:09:06",VERY_SHORT_LOW_PERFORMANCE_WITH_EARNINGS
20347,"üôÄ",1,0,0.0,50.0,internal,"2025-12-11 05:10:56",EMOJI_DEADWEIGHT
19770,"üñ§ü©µ",2,0,0.0,50.0,internal,"2025-12-09 12:49:36",EMOJI_DEADWEIGHT
19885,"ü•µü•µ",2,0,0.0,50.0,internal,"2025-12-09 12:50:13",EMOJI_DEADWEIGHT
19977,"üôàüíò",2,0,0.0,50.0,internal,"2025-12-09 12:50:40",EMOJI_DEADWEIGHT
20097,"üñ§üñ§",2,0,0.0,50.0,internal,"2025-12-09 12:51:16",EMOJI_DEADWEIGHT
20186,"üíòüçì",2,0,0.0,50.0,internal,"2025-12-10 07:24:05",EMOJI_DEADWEIGHT
20248,">‚©ä<",3,0,0.0,50.0,internal,"2025-12-11 05:09:43",EMOJI_DEADWEIGHT
19955,"üëãüèºüëãüèº",4,0,0.0,50.0,internal,"2025-12-09 12:50:39",EMOJI_DEADWEIGHT
19957,"‚òÄÔ∏è‚ò∫Ô∏è",4,0,0.0,50.0,internal,"2025-12-09 12:50:39",EMOJI_DEADWEIGHT
20491,"(ÀáœâÀá)",5,0,0.0,50.0,scraped,"2025-12-12 03:36:14",EMOJI_DEADWEIGHT
19947,"Hey üòõ",5,0,0.0,50.0,internal,"2025-12-09 12:50:39",EMOJI_DEADWEIGHT
20371,"Hey üëãüèª",6,0,0.0,50.0,internal,"2025-12-11 05:10:57",EMOJI_DEADWEIGHT
19721,"cheersü•Ç",7,0,0.0,50.0,internal,"2025-12-09 12:44:22",EMOJI_DEADWEIGHT
19918,"Oh hiüôàüå∏",7,0,0.0,50.0,internal,"2025-12-09 12:50:25",EMOJI_DEADWEIGHT
19960,"Fuck me?",8,0,0.0,50.0,internal,"2025-12-09 12:50:39",EMOJI_DEADWEIGHT
20089,peekaboo,8,0,0.0,50.0,internal,"2025-12-09 12:51:16",EMOJI_DEADWEIGHT
20263,"Hello ü•∞üíï",8,0,0.0,50.0,internal,"2025-12-11 05:09:55",EMOJI_DEADWEIGHT
20348,"at workü§™",8,0,0.0,50.0,internal,"2025-12-11 05:10:56",EMOJI_DEADWEIGHT
20469,"pick 1 üôà",8,0,0.0,50.0,internal,"2025-12-12 02:44:54",EMOJI_DEADWEIGHT
19831,"Smack itüôå",9,0,0.0,50.0,internal,"2025-12-09 12:49:49",EMOJI_DEADWEIGHT
20148,"so cute ü•∞",9,0,0.0,50.0,internal,"2025-12-09 12:51:40",EMOJI_DEADWEIGHT
20202,":¬® ¬∑.¬∑ ¬®:",9,0,0.0,50.0,internal,"2025-12-11 05:09:18",EMOJI_DEADWEIGHT
20222,"Hey babes",9,0,0.0,50.0,internal,"2025-12-11 05:09:30",EMOJI_DEADWEIGHT
1875,"Hi baby üëãüèª",10,1,0.0,0.0,internal,"2025-11-30 07:11:27",VERY_SHORT_NO_EARNINGS
3336,"Morning ‚ùÑÔ∏è",10,1,0.0,0.0,internal,"2025-11-30 07:11:27",VERY_SHORT_NO_EARNINGS
19760,"bouncy üçëüêáüéÄ",10,0,0.0,50.0,internal,"2025-12-09 12:49:25",VERY_SHORT_NEVER_USED
20150,"Funny me üòã",10,0,0.0,50.0,internal,"2025-12-09 12:51:40",VERY_SHORT_NEVER_USED
53240,"Wanna talk?",11,6,0.0,0.0,migration_007_import,"2025-12-12 11:44:05",VERY_SHORT_NO_EARNINGS
23177,"are you up?",11,3,0.0,0.0,migration_007_import,"2025-12-12 11:44:05",VERY_SHORT_NO_EARNINGS
48882,"Still up? üëÄ",11,3,0.0,0.0,migration_007_import,"2025-12-12 11:44:05",VERY_SHORT_NO_EARNINGS
48889,"Still up? ü§î",11,3,0.0,0.0,migration_007_import,"2025-12-12 11:44:05",VERY_SHORT_NO_EARNINGS
40834,"I‚Äôm horny ü•µ",11,2,0.0,0.0,migration_007_import,"2025-12-12 11:44:05",VERY_SHORT_NO_EARNINGS
56734,"woke up wet",11,2,0.0,0.0,migration_007_import,"2025-12-12 11:44:05",VERY_SHORT_NO_EARNINGS
48883,"still up? üòä",11,2,0.0,0.0,migration_007_import,"2025-12-12 11:44:05",VERY_SHORT_NO_EARNINGS
21760,"1, 2, or 3üòà",11,1,0.0,0.0,migration_007_import,"2025-12-12 11:44:05",VERY_SHORT_NO_EARNINGS
30436,"Good moanin",11,1,0.0,0.0,migration_007_import,"2025-12-12 11:44:05",VERY_SHORT_NO_EARNINGS
31568,"here habibi",11,1,0.0,0.0,migration_007_import,"2025-12-12 11:44:05",VERY_SHORT_NO_EARNINGS
31709,"Hey babe! üòâ",11,1,0.0,0.0,migration_007_import,"2025-12-12 11:44:05",VERY_SHORT_NO_EARNINGS
31710,"Hey babe! üòä",11,1,0.0,0.0,migration_007_import,"2025-12-12 11:44:05",VERY_SHORT_NO_EARNINGS
31899,"Hey baby! üòâ",11,1,0.0,0.0,migration_007_import,"2025-12-12 11:44:05",VERY_SHORT_NO_EARNINGS
32544,"heyyy wyd ü§≠",11,1,0.0,0.0,migration_007_import,"2025-12-12 11:44:05",VERY_SHORT_NO_EARNINGS
32675,"hi there c:",11,1,0.0,0.0,migration_007_import,"2025-12-12 11:44:05",VERY_SHORT_NO_EARNINGS
32678,"Hi there! üòò",11,1,0.0,0.0,migration_007_import,"2025-12-12 11:44:05",VERY_SHORT_NO_EARNINGS
32680,"hi you hehe",11,1,0.0,0.0,migration_007_import,"2025-12-12 11:44:05",VERY_SHORT_NO_EARNINGS
32693,"hii babe :)",11,1,0.0,0.0,migration_007_import,"2025-12-12 11:44:05",VERY_SHORT_NO_EARNINGS
32724,"hiiiiiii c:",11,1,0.0,0.0,migration_007_import,"2025-12-12 11:44:05",VERY_SHORT_NO_EARNINGS
32731,"Hit me up üòâ",11,1,0.0,0.0,migration_007_import,"2025-12-12 11:44:05",VERY_SHORT_NO_EARNINGS
40555,"I‚Äôm bored üòê",11,1,0.0,0.0,migration_007_import,"2025-12-12 11:44:05",VERY_SHORT_NO_EARNINGS
43136,"Let's snapüòç",11,1,0.0,0.0,migration_007_import,"2025-12-12 11:44:05",VERY_SHORT_NO_EARNINGS
43166,"Lets play üê±",11,1,0.0,0.0,migration_007_import,"2025-12-12 11:44:05",VERY_SHORT_NO_EARNINGS
44314,"morning! ‚òÄÔ∏è",11,1,0.0,0.0,migration_007_import,"2025-12-12 11:44:05",VERY_SHORT_NO_EARNINGS
44318,"Morning!! üòò",11,1,0.0,0.0,migration_007_import,"2025-12-12 11:44:05",VERY_SHORT_NO_EARNINGS
49696,"TGIF habibi",11,1,0.0,0.0,migration_007_import,"2025-12-12 11:44:05",VERY_SHORT_NO_EARNINGS
57461,"Wyd today üíñ",11,1,0.0,0.0,migration_007_import,"2025-12-12 11:44:05",VERY_SHORT_NO_EARNINGS
57462,"wyd today ü•∞",11,1,0.0,0.0,migration_007_import,"2025-12-12 11:44:05",VERY_SHORT_NO_EARNINGS
21790,"77 or 69? üòõ",11,1,0.0,0.0,migration_007_import,"2025-12-12 11:44:05",VERY_SHORT_NO_EARNINGS
23855,"BABY?? ‚ù§Ô∏è‚ù§Ô∏è",11,1,0.0,0.0,migration_007_import,"2025-12-12 11:44:05",VERY_SHORT_NO_EARNINGS
23879,"babyyy? ;))",11,1,0.0,0.0,migration_007_import,"2025-12-12 11:44:05",VERY_SHORT_NO_EARNINGS
31142,"Guess what?",11,1,0.0,0.0,migration_007_import,"2025-12-12 11:44:05",VERY_SHORT_NO_EARNINGS
31556,"helloooo? üò£",11,1,0.0,0.0,migration_007_import,"2025-12-12 11:44:05",VERY_SHORT_NO_EARNINGS
31969,"Hey baby? üòó",11,1,0.0,0.0,migration_007_import,"2025-12-12 11:44:05",VERY_SHORT_NO_EARNINGS
32428,"hey, wyd? üòä",11,1,0.0,0.0,migration_007_import,"2025-12-12 11:44:05",VERY_SHORT_NO_EARNINGS
48415,"Spank it? üôà",11,1,0.0,0.0,migration_007_import,"2025-12-12 11:44:05",VERY_SHORT_NO_EARNINGS
48884,"Still up? üòã",11,1,0.0,0.0,migration_007_import,"2025-12-12 11:44:05",VERY_SHORT_NO_EARNINGS
48885,"still up? üòè",11,1,0.0,0.0,migration_007_import,"2025-12-12 11:44:05",VERY_SHORT_NO_EARNINGS
48886,"still up? üòî",11,1,0.0,0.0,migration_007_import,"2025-12-12 11:44:05",VERY_SHORT_NO_EARNINGS
48887,"Still up? üòï",11,1,0.0,0.0,migration_007_import,"2025-12-12 11:44:05",VERY_SHORT_NO_EARNINGS
48888,"still up? üôà",11,1,0.0,0.0,migration_007_import,"2025-12-12 11:44:05",VERY_SHORT_NO_EARNINGS
57437,"wyd babe? üíã",11,1,0.0,0.0,migration_007_import,"2025-12-12 11:44:05",VERY_SHORT_NO_EARNINGS
57438,"wyd babe? ü•∞",11,1,0.0,0.0,migration_007_import,"2025-12-12 11:44:05",VERY_SHORT_NO_EARNINGS
57443,"Wyd baby? üòò",11,1,0.0,0.0,migration_007_import,"2025-12-12 11:44:05",VERY_SHORT_NO_EARNINGS
1072,"hiiii &lt;3",11,1,0.0,0.0,internal,"2025-11-30 07:11:27",VERY_SHORT_NO_EARNINGS
2853,"Hi habibi üßø",11,1,0.0,0.0,internal,"2025-11-30 07:11:27",VERY_SHORT_NO_EARNINGS
1793,"Hey baby ‚ù§Ô∏è",11,1,0.0,0.0,internal,"2025-11-30 07:11:27",VERY_SHORT_NO_EARNINGS
1860,"hii wyd rn?",11,1,0.0,0.0,internal,"2025-11-30 07:11:27",VERY_SHORT_NO_EARNINGS
30195,"Fuck it.  üòà",11,1,58.76,24.46,migration_007_import,"2025-12-12 11:44:05",VERY_SHORT_LOW_PERFORMANCE_WITH_EARNINGS
19728,"Sweet girlüíó",11,0,0.0,50.0,internal,"2025-12-09 12:44:22",VERY_SHORT_NEVER_USED
19909,"üí¶ looks >>>",11,0,0.0,50.0,internal,"2025-12-09 12:50:25",VERY_SHORT_NEVER_USED
19914,"i see you üëÄ",11,0,0.0,50.0,internal,"2025-12-09 12:50:25",VERY_SHORT_NEVER_USED
19923,"Sunshine‚òÄÔ∏èüòä",11,0,0.0,50.0,internal,"2025-12-09 12:50:25",VERY_SHORT_NEVER_USED
20043,"goood girlüòà",11,0,0.0,50.0,internal,"2025-12-09 12:51:04",VERY_SHORT_NEVER_USED
20046,comfortable,11,0,0.0,50.0,internal,"2025-12-09 12:51:04",VERY_SHORT_NEVER_USED
20047,"let's play?",11,0,0.0,50.0,internal,"2025-12-09 12:51:04",VERY_SHORT_NEVER_USED
20151,"New style üòà",11,0,0.0,50.0,internal,"2025-12-09 12:51:40",VERY_SHORT_NEVER_USED
20153,"Home girl üíò",11,0,0.0,50.0,internal,"2025-12-09 12:51:51",VERY_SHORT_NEVER_USED
20345,"goood girlüòá",11,0,0.0,50.0,internal,"2025-12-11 05:10:56",VERY_SHORT_NEVER_USED
20382,"wakey wakey",11,0,0.0,50.0,internal,"2025-12-11 05:11:08",VERY_SHORT_NEVER_USED
24899,"Busy Monday?",12,4,0.0,0.0,migration_007_import,"2025-12-12 11:44:05",VERY_SHORT_NO_EARNINGS
32969,"how are you?",12,3,0.0,0.0,migration_007_import,"2025-12-12 11:44:05",VERY_SHORT_NO_EARNINGS
2036,"Morning baby",12,3,0.0,0.0,internal,"2025-11-30 07:11:27",VERY_SHORT_NO_EARNINGS
24896,"Busy baby? üò©",12,2,0.0,0.0,migration_007_import,"2025-12-12 11:44:05",VERY_SHORT_NO_EARNINGS
51562,"u up habibi?",12,2,0.0,0.0,migration_007_import,"2025-12-12 11:44:05",VERY_SHORT_NO_EARNINGS
57455,"wyd rn babe?",12,2,0.0,0.0,migration_007_import,"2025-12-12 11:44:05",VERY_SHORT_NO_EARNINGS
58404,"You there? üòà",12,2,0.0,0.0,migration_007_import,"2025-12-12 11:44:05",VERY_SHORT_NO_EARNINGS
24130,"Be my baby ‚ù§",12,1,0.0,0.0,migration_007_import,"2025-12-12 11:44:05",VERY_SHORT_NO_EARNINGS
24797,"Bored asf ü•µüòá",12,1,0.0,0.0,migration_007_import,"2025-12-12 11:44:05",VERY_SHORT_NO_EARNINGS
30362,"gn habibiiii",12,1,0.0,0.0,migration_007_import,"2025-12-12 11:44:05",VERY_SHORT_NO_EARNINGS
30367,"go grab it üòâ",12,1,0.0,0.0,migration_007_import,"2025-12-12 11:44:05",VERY_SHORT_NO_EARNINGS
31534,"Hello babe üòâ",12,1,0.0,0.0,migration_007_import,"2025-12-12 11:44:05",VERY_SHORT_NO_EARNINGS
32044,"Hey cutie! ü•∞",12,1,0.0,0.0,migration_007_import,"2025-12-12 11:44:05",VERY_SHORT_NO_EARNINGS
32205,"hey there! üòâ",12,1,0.0,0.0,migration_007_import,"2025-12-12 11:44:05",VERY_SHORT_NO_EARNINGS
32335,"Hey, baby!üòâüòâ",12,1,0.0,0.0,migration_007_import,"2025-12-12 11:44:05",VERY_SHORT_NO_EARNINGS
32697,"Hii Habibi üòò",12,1,0.0,0.0,migration_007_import,"2025-12-12 11:44:05",VERY_SHORT_NO_EARNINGS
35806,"I miss you üëÄ",12,1,0.0,0.0,migration_007_import,"2025-12-12 11:44:05",VERY_SHORT_NO_EARNINGS
43120,"Let's play ü´£",12,1,0.0,0.0,migration_007_import,"2025-12-12 11:44:05",VERY_SHORT_NO_EARNINGS
51954,"wakey wakeyüòò",12,1,0.0,0.0,migration_007_import,"2025-12-12 11:44:05",VERY_SHORT_NO_EARNINGS
60084,"üíÅ‚Äç‚ôÄÔ∏èüíÅ‚Äç‚ôÄÔ∏èüíÅ‚Äç‚ôÄÔ∏è",12,1,0.0,0.0,migration_007_import,"2025-12-12 11:44:05",VERY_SHORT_NO_EARNINGS
60714,"ü§¶‚Äç‚ôÄÔ∏èü§¶‚Äç‚ôÄÔ∏èü§¶‚Äç‚ôÄÔ∏è",12,1,0.0,0.0,migration_007_import,"2025-12-12 11:44:05",VERY_SHORT_NO_EARNINGS
23187,"Are you up?üôà",12,1,0.0,0.0,migration_007_import,"2025-12-12 11:44:05",VERY_SHORT_NO_EARNINGS
23227,"ass or tits?",12,1,0.0,0.0,migration_007_import,"2025-12-12 11:44:05",VERY_SHORT_NO_EARNINGS
23511,"Babeee?? :))",12,1,0.0,0.0,migration_007_import,"2025-12-12 11:44:05",VERY_SHORT_NO_EARNINGS
24897,"Busy baby? üò´",12,1,0.0,0.0,migration_007_import,"2025-12-12 11:44:05",VERY_SHORT_NO_EARNINGS
43519,"loong day? ü§î",12,1,0.0,0.0,migration_007_import,"2025-12-12 11:44:05",VERY_SHORT_NO_EARNINGS
43520,"Loong day? ü•∫",12,1,0.0,0.0,migration_007_import,"2025-12-12 11:44:05",VERY_SHORT_NO_EARNINGS
48890,"still up? ü´£ü•∫",12,1,0.0,0.0,migration_007_import,"2025-12-12 11:44:05",VERY_SHORT_NO_EARNINGS
51138,"Tits or ass?",12,1,0.0,0.0,migration_007_import,"2025-12-12 11:44:05",VERY_SHORT_NO_EARNINGS
51454,"u busy baby?",12,1,0.0,0.0,migration_007_import,"2025-12-12 11:44:05",VERY_SHORT_NO_EARNINGS
51540,"u still up??",12,1,0.0,0.0,migration_007_import,"2025-12-12 11:44:05",VERY_SHORT_NO_EARNINGS
51586,"u working? üôà",12,1,0.0,0.0,migration_007_import,"2025-12-12 11:44:05",VERY_SHORT_NO_EARNINGS
52659,"wanna relax?",12,1,0.0,0.0,migration_007_import,"2025-12-12 11:44:05",VERY_SHORT_NO_EARNINGS
53141,"Wanna sext?ü•µ",12,1,0.0,0.0,migration_007_import,"2025-12-12 11:44:05",VERY_SHORT_NO_EARNINGS
57569,"you awake? üòí",12,1,0.0,0.0,migration_007_import,"2025-12-12 11:44:05",VERY_SHORT_NO_EARNINGS
58405,"you there? üòè",12,1,0.0,0.0,migration_007_import,"2025-12-12 11:44:05",VERY_SHORT_NO_EARNINGS
1922,"Are you up ?",12,1,0.0,0.0,internal,"2025-11-30 07:11:27",VERY_SHORT_NO_EARNINGS
1970,"Morning love",12,1,0.0,0.0,internal,"2025-11-30 07:11:27",VERY_SHORT_NO_EARNINGS
3524,"You awake? üôÉ",12,1,0.0,0.0,internal,"2025-11-30 07:11:27",VERY_SHORT_NO_EARNINGS
2065,"Pay for it üê±",12,1,0.0,0.0,internal,"2025-11-30 07:11:27",VERY_SHORT_NO_EARNINGS
3256,"on c b rn ;)",12,1,0.0,0.0,internal,"2025-11-30 07:11:27",VERY_SHORT_NO_EARNINGS
20490,"extra yummyü§§",12,0,0.0,50.0,scraped,"2025-12-12 03:36:14",VERY_SHORT_NEVER_USED
19917,"Pink candyüç≠üç¨",12,0,0.0,50.0,internal,"2025-12-09 12:50:25",VERY_SHORT_NEVER_USED
20062,"Late again üòè",12,0,0.0,50.0,internal,"2025-12-09 12:51:15",VERY_SHORT_NEVER_USED
20344,"im in papi üî•",12,0,0.0,50.0,internal,"2025-12-11 05:10:56",VERY_SHORT_NEVER_USED
20461,"UR MF BABY ü§§",12,0,0.0,50.0,internal,"2025-12-12 02:44:31",VERY_SHORT_NEVER_USED
22512,"Are you busy?",13,17,0.0,0.0,migration_007_import,"2025-12-12 11:44:05",VERY_SHORT_NO_EARNINGS
30769,"Good morningüòò",13,4,0.0,0.0,migration_007_import,"2025-12-12 11:44:05",VERY_SHORT_NO_EARNINGS
30767,"Good morningüíñ",13,2,0.0,0.0,migration_007_import,"2025-12-12 11:44:05",VERY_SHORT_NO_EARNINGS
31569,"here habibi..",13,2,0.0,0.0,migration_007_import,"2025-12-12 11:44:05",VERY_SHORT_NO_EARNINGS
43057,"Let's chat ‚ù§Ô∏è",13,2,0.0,0.0,migration_007_import,"2025-12-12 11:44:05",VERY_SHORT_NO_EARNINGS
46835,"Ride or sit?üôà",13,2,0.0,0.0,migration_007_import,"2025-12-12 11:44:05",VERY_SHORT_NO_EARNINGS
52640,"Wanna play? üòà",13,2,0.0,0.0,migration_007_import,"2025-12-12 11:44:05",VERY_SHORT_NO_EARNINGS
25771,"Can‚Äôt sleep üòè",13,1,0.0,0.0,migration_007_import,"2025-12-12 11:44:05",VERY_SHORT_NO_EARNINGS
26151,"come closer üëÖ",13,1,0.0,0.0,migration_007_import,"2025-12-12 11:44:05",VERY_SHORT_NO_EARNINGS
28807,"Dominate me üò´",13,1,0.0,0.0,migration_007_import,"2025-12-12 11:44:05",VERY_SHORT_NO_EARNINGS
31248,"habibi i love",13,1,0.0,0.0,migration_007_import,"2025-12-12 11:44:05",VERY_SHORT_NO_EARNINGS
31313,"Happy mondayü•∞",13,1,0.0,0.0,migration_007_import,"2025-12-12 11:44:05",VERY_SHORT_NO_EARNINGS
31557,"helloooooo c:",13,1,0.0,0.0,migration_007_import,"2025-12-12 11:44:05",VERY_SHORT_NO_EARNINGS
32057,"hey daddy wyd",13,1,0.0,0.0,migration_007_import,"2025-12-12 11:44:05",VERY_SHORT_NO_EARNINGS
32109,"Hey handsome!",13,1,0.0,0.0,migration_007_import,"2025-12-12 11:44:05",VERY_SHORT_NO_EARNINGS
33809,"Hurry babe! üòä",13,1,0.0,0.0,migration_007_import,"2025-12-12 11:44:05",VERY_SHORT_NO_EARNINGS
33810,"hurry baby! üòâ",13,1,0.0,0.0,migration_007_import,"2025-12-12 11:44:05",VERY_SHORT_NO_EARNINGS
50679,"this is crazy",13,1,0.0,0.0,migration_007_import,"2025-12-12 11:44:05",VERY_SHORT_NO_EARNINGS
22330,"are u here? ü§ó",13,1,0.0,0.0,migration_007_import,"2025-12-12 11:44:05",VERY_SHORT_NO_EARNINGS
22635,"Are you free?",13,1,0.0,0.0,migration_007_import,"2025-12-12 11:44:05",VERY_SHORT_NO_EARNINGS
23182,"Are you up? üëÄ",13,1,0.0,0.0,migration_007_import,"2025-12-12 11:44:05",VERY_SHORT_NO_EARNINGS
23183,"are you up? üòâ",13,1,0.0,0.0,migration_007_import,"2025-12-12 11:44:05",VERY_SHORT_NO_EARNINGS
23184,"Are you up? üòò",13,1,0.0,0.0,migration_007_import,"2025-12-12 11:44:05",VERY_SHORT_NO_EARNINGS
23185,"are you up? üôà",13,1,0.0,0.0,migration_007_import,"2025-12-12 11:44:05",VERY_SHORT_NO_EARNINGS
23186,"Are you up? ü§î",13,1,0.0,0.0,migration_007_import,"2025-12-12 11:44:05",VERY_SHORT_NO_EARNINGS
23296,"Babe hello?ü•∫ü•∫",13,1,0.0,0.0,migration_007_import,"2025-12-12 11:44:05",VERY_SHORT_NO_EARNINGS
23636,"Baby wyddd? üëÄ",13,1,0.0,0.0,migration_007_import,"2025-12-12 11:44:05",VERY_SHORT_NO_EARNINGS
24718,"Bg or solo?üçÜüí¶",13,1,0.0,0.0,migration_007_import,"2025-12-12 11:44:05",VERY_SHORT_NO_EARNINGS
24719,"BG or SOLO?üòàüí¶",13,1,0.0,0.0,migration_007_import,"2025-12-12 11:44:05",VERY_SHORT_NO_EARNINGS
24895,"Busy at work?",13,1,0.0,0.0,migration_007_import,"2025-12-12 11:44:05",VERY_SHORT_NO_EARNINGS
31540,"hello babyyy?",13,1,0.0,0.0,migration_007_import,"2025-12-12 11:44:05",VERY_SHORT_NO_EARNINGS
31983,"Hey babyyy? ü§î",13,1,0.0,0.0,migration_007_import,"2025-12-12 11:44:05",VERY_SHORT_NO_EARNINGS
32239,"hey you busy?",13,1,0.0,0.0,migration_007_import,"2025-12-12 11:44:05",VERY_SHORT_NO_EARNINGS
33557,"how's life? üòâ",13,1,0.0,0.0,migration_007_import,"2025-12-12 11:44:05",VERY_SHORT_NO_EARNINGS
33578,"how's work? üòä",13,1,0.0,0.0,migration_007_import,"2025-12-12 11:44:05",VERY_SHORT_NO_EARNINGS
43612,"lunch time? ü§§",13,1,0.0,0.0,migration_007_import,"2025-12-12 11:44:05",VERY_SHORT_NO_EARNINGS
46355,"pussy or ass?",13,1,0.0,0.0,migration_007_import,"2025-12-12 11:44:05",VERY_SHORT_NO_EARNINGS
48618,"Still busy? ü•∫",13,1,0.0,0.0,migration_007_import,"2025-12-12 11:44:05",VERY_SHORT_NO_EARNINGS
51539,"u still up? üòû",13,1,0.0,0.0,migration_007_import,"2025-12-12 11:44:05",VERY_SHORT_NO_EARNINGS
51541,"u there babe?",13,1,0.0,0.0,migration_007_import,"2025-12-12 11:44:05",VERY_SHORT_NO_EARNINGS
52639,"Wanna play? üëÄ",13,1,0.0,0.0,migration_007_import,"2025-12-12 11:44:05",VERY_SHORT_NO_EARNINGS
52641,"wanna play? üòã",13,1,0.0,0.0,migration_007_import,"2025-12-12 11:44:05",VERY_SHORT_NO_EARNINGS
57458,"wyd rn babe?üòò",13,1,0.0,0.0,migration_007_import,"2025-12-12 11:44:05",VERY_SHORT_NO_EARNINGS
57556,"You around? üëÄ",13,1,0.0,0.0,migration_007_import,"2025-12-12 11:44:05",VERY_SHORT_NO_EARNINGS
58369,"You still up?",13,1,0.0,0.0,migration_007_import,"2025-12-12 11:44:05",VERY_SHORT_NO_EARNINGS
58400,"you there? :(",13,1,0.0,0.0,migration_007_import,"2025-12-12 11:44:05",VERY_SHORT_NO_EARNINGS
1452,"u ok baby ? üòç",13,1,0.0,0.0,internal,"2025-11-30 07:11:27",VERY_SHORT_NO_EARNINGS
2119,"Hi habibi üçâ üçâ",13,1,0.0,0.0,internal,"2025-11-30 07:11:27",VERY_SHORT_NO_EARNINGS
3058,"hehe thx baby",13,1,0.0,0.0,internal,"2025-11-30 07:11:27",VERY_SHORT_NO_EARNINGS
3402,"slap my kitty",13,1,0.0,0.0,internal,"2025-11-30 07:11:27",VERY_SHORT_NO_EARNINGS
19718,"yes, daddy? üíó",13,0,0.0,50.0,internal,"2025-12-09 12:44:22",VERY_SHORT_NEVER_USED
19800,"tongue out :3",13,0,0.0,50.0,internal,"2025-12-09 12:49:48",VERY_SHORT_NEVER_USED
19996,"all for you üòò",13,0,0.0,50.0,internal,"2025-12-09 12:50:51",VERY_SHORT_NEVER_USED
20093,"happy humpday",13,0,0.0,50.0,internal,"2025-12-09 12:51:16",VERY_SHORT_NEVER_USED
20099,"Come to mommy",13,0,0.0,50.0,internal,"2025-12-09 12:51:16",VERY_SHORT_NEVER_USED
20343,"Just selfie üòç",13,0,0.0,50.0,internal,"2025-12-11 05:10:45",VERY_SHORT_NEVER_USED
30572,"good morning üòò",14,7,0.0,0.0,migration_007_import,"2025-12-12 11:44:05",VERY_SHORT_NO_EARNINGS
22524,"are you busy?ü•∫",14,5,0.0,0.0,migration_007_import,"2025-12-12 11:44:05",VERY_SHORT_NO_EARNINGS
23087,"Are you there?",14,5,0.0,0.0,migration_007_import,"2025-12-12 11:44:05",VERY_SHORT_NO_EARNINGS
31546,"hello there c:",14,3,0.0,0.0,migration_007_import,"2025-12-12 11:44:05",VERY_SHORT_NO_EARNINGS
44087,"Morning babe üòò",14,3,0.0,0.0,migration_007_import,"2025-12-12 11:44:05",VERY_SHORT_NO_EARNINGS
30588,"Good morning ü•∞",14,2,0.0,0.0,migration_007_import,"2025-12-12 11:44:05",VERY_SHORT_NO_EARNINGS
32153,"Hey morning! üòâ",14,2,0.0,0.0,migration_007_import,"2025-12-12 11:44:05",VERY_SHORT_NO_EARNINGS
43745,"Me &gt; Jade ü§≠",14,2,0.0,0.0,migration_007_import,"2025-12-12 11:44:05",VERY_SHORT_NO_EARNINGS
23225,"Ass or pussy?üòà",14,2,0.0,0.0,migration_007_import,"2025-12-12 11:44:05",VERY_SHORT_NO_EARNINGS
32460,"heyy babe? ü•∫‚ù§Ô∏è",14,2,0.0,0.0,migration_007_import,"2025-12-12 11:44:05",VERY_SHORT_NO_EARNINGS
43854,"miss me yet? üòò",14,2,0.0,0.0,migration_007_import,"2025-12-12 11:44:05",VERY_SHORT_NO_EARNINGS
48809,"Still up baby?",14,2,0.0,0.0,migration_007_import,"2025-12-12 11:44:05",VERY_SHORT_NO_EARNINGS
57457,"wyd rn babe? ü•∞",14,2,0.0,0.0,migration_007_import,"2025-12-12 11:44:05",VERY_SHORT_NO_EARNINGS
22469,"are you awakeü•∫",14,1,0.0,0.0,migration_007_import,"2025-12-12 11:44:05",VERY_SHORT_NO_EARNINGS
30437,"Good moaninnnn",14,1,0.0,0.0,migration_007_import,"2025-12-12 11:44:05",VERY_SHORT_NO_EARNINGS
30562,"Good morning ‚òÄ",14,1,0.0,0.0,migration_007_import,"2025-12-12 11:44:05",VERY_SHORT_NO_EARNINGS
30571,"good morning üòã",14,1,0.0,0.0,migration_007_import,"2025-12-12 11:44:05",VERY_SHORT_NO_EARNINGS
30586,"GOOD MORNING üôà",14,1,0.0,0.0,migration_007_import,"2025-12-12 11:44:05",VERY_SHORT_NO_EARNINGS
30627,"Good morning!ü•∞",14,1,0.0,0.0,migration_007_import,"2025-12-12 11:44:05",VERY_SHORT_NO_EARNINGS
31528,"Heeyy babeee üòô",14,1,0.0,0.0,migration_007_import,"2025-12-12 11:44:05",VERY_SHORT_NO_EARNINGS
31550,"Hello, cutie üíï",14,1,0.0,0.0,migration_007_import,"2025-12-12 11:44:05",VERY_SHORT_NO_EARNINGS
32112,"Hey handsome!üòä",14,1,0.0,0.0,migration_007_import,"2025-12-12 11:44:05",VERY_SHORT_NO_EARNINGS
32178,"hey stranger üôà",14,1,0.0,0.0,migration_007_import,"2025-12-12 11:44:05",VERY_SHORT_NO_EARNINGS
32291,"Hey! morning üòä",14,1,0.0,0.0,migration_007_import,"2025-12-12 11:44:05",VERY_SHORT_NO_EARNINGS
32716,"hiiii there c:",14,1,0.0,0.0,migration_007_import,"2025-12-12 11:44:05",VERY_SHORT_NO_EARNINGS
34118,"I cant sleep ü•∫",14,1,0.0,0.0,migration_007_import,"2025-12-12 11:44:05",VERY_SHORT_NO_EARNINGS
35807,"I MISS YOU! üò£ü•∫",14,1,0.0,0.0,migration_007_import,"2025-12-12 11:44:05",VERY_SHORT_NO_EARNINGS
37644,"I'm horny rn üòà",14,1,0.0,0.0,migration_007_import,"2025-12-12 11:44:05",VERY_SHORT_NO_EARNINGS
42863,"Lazy morning üí§",14,1,0.0,0.0,migration_007_import,"2025-12-12 11:44:05",VERY_SHORT_NO_EARNINGS
44086,"Morning babe üòä",14,1,0.0,0.0,migration_007_import,"2025-12-12 11:44:05",VERY_SHORT_NO_EARNINGS
44236,"morning to u üòâ",14,1,0.0,0.0,migration_007_import,"2025-12-12 11:44:05",VERY_SHORT_NO_EARNINGS
44237,"Morning to u üòä",14,1,0.0,0.0,migration_007_import,"2025-12-12 11:44:05",VERY_SHORT_NO_EARNINGS
51389,"truth or dareüòà",14,1,0.0,0.0,migration_007_import,"2025-12-12 11:44:05",VERY_SHORT_NO_EARNINGS
51939,"Wake up baby ü•∞",14,1,0.0,0.0,migration_007_import,"2025-12-12 11:44:05",VERY_SHORT_NO_EARNINGS
22323,"are u busy rn?",14,1,0.0,0.0,migration_007_import,"2025-12-12 11:44:05",VERY_SHORT_NO_EARNINGS
22422,"Are you alone?",14,1,0.0,0.0,migration_007_import,"2025-12-12 11:44:05",VERY_SHORT_NO_EARNINGS
22850,"are you on rn?",14,1,0.0,0.0,migration_007_import,"2025-12-12 11:44:05",VERY_SHORT_NO_EARNINGS
23229,"Ass or tits? üòè",14,1,0.0,0.0,migration_007_import,"2025-12-12 11:44:05",VERY_SHORT_NO_EARNINGS
23230,"Ass or Tits? ü§≠",14,1,0.0,0.0,migration_007_import,"2025-12-12 11:44:05",VERY_SHORT_NO_EARNINGS
23859,"Babyy hello? ü§ç",14,1,0.0,0.0,migration_007_import,"2025-12-12 11:44:05",VERY_SHORT_NO_EARNINGS
24729,"BG,GG or SOLO?",14,1,0.0,0.0,migration_007_import,"2025-12-12 11:44:05",VERY_SHORT_NO_EARNINGS
25346,"Can we talk? üíã",14,1,0.0,0.0,migration_007_import,"2025-12-12 11:44:05",VERY_SHORT_NO_EARNINGS
25347,"Can we talk? ü•∫",14,1,0.0,0.0,migration_007_import,"2025-12-12 11:44:05",VERY_SHORT_NO_EARNINGS
29681,"Fast or slow?üòà",14,1,0.0,0.0,migration_007_import,"2025-12-12 11:44:05",VERY_SHORT_NO_EARNINGS
30871,"Got any plans?",14,1,0.0,0.0,migration_007_import,"2025-12-12 11:44:05",VERY_SHORT_NO_EARNINGS
31150,"Guess what?? üôà",14,1,0.0,0.0,migration_007_import,"2025-12-12 11:44:05",VERY_SHORT_NO_EARNINGS
32231,"Hey u there? üôà",14,1,0.0,0.0,migration_007_import,"2025-12-12 11:44:05",VERY_SHORT_NO_EARNINGS
32698,"Hii what's up?",14,1,0.0,0.0,migration_007_import,"2025-12-12 11:44:05",VERY_SHORT_NO_EARNINGS
43850,"Miss me yet? üíã",14,1,0.0,0.0,migration_007_import,"2025-12-12 11:44:05",VERY_SHORT_NO_EARNINGS
43851,"Miss me yet? üòá",14,1,0.0,0.0,migration_007_import,"2025-12-12 11:44:05",VERY_SHORT_NO_EARNINGS
43852,"Miss me yet? üòâ",14,1,0.0,0.0,migration_007_import,"2025-12-12 11:44:05",VERY_SHORT_NO_EARNINGS
43853,"Miss me yet? üòè",14,1,0.0,0.0,migration_007_import,"2025-12-12 11:44:05",VERY_SHORT_NO_EARNINGS
43855,"miss me yet? üôà",14,1,0.0,0.0,migration_007_import,"2025-12-12 11:44:05",VERY_SHORT_NO_EARNINGS
45730,"off to work? ü•π",14,1,0.0,0.0,migration_007_import,"2025-12-12 11:44:05",VERY_SHORT_NO_EARNINGS
48612,"Still awake? üòâ",14,1,0.0,0.0,migration_007_import,"2025-12-12 11:44:05",VERY_SHORT_NO_EARNINGS
48743,"still there? üòè",14,1,0.0,0.0,migration_007_import,"2025-12-12 11:44:05",VERY_SHORT_NO_EARNINGS
48744,"still there? üôà",14,1,0.0,0.0,migration_007_import,"2025-12-12 11:44:05",VERY_SHORT_NO_EARNINGS
48745,"Still there? ü§î",14,1,0.0,0.0,migration_007_import,"2025-12-12 11:44:05",VERY_SHORT_NO_EARNINGS
48925,"stl Up, babe?ü§î",14,1,0.0,0.0,migration_007_import,"2025-12-12 11:44:05",VERY_SHORT_NO_EARNINGS
51144,"tits or ass? üòà",14,1,0.0,0.0,migration_007_import,"2025-12-12 11:44:05",VERY_SHORT_NO_EARNINGS
51452,"u busy babe? üòè",14,1,0.0,0.0,migration_007_import,"2025-12-12 11:44:05",VERY_SHORT_NO_EARNINGS
51453,"u busy babe? üôà",14,1,0.0,0.0,migration_007_import,"2025-12-12 11:44:05",VERY_SHORT_NO_EARNINGS
51758,"up for a chat?",14,1,0.0,0.0,migration_007_import,"2025-12-12 11:44:05",VERY_SHORT_NO_EARNINGS
57456,"Wyd rn babe? üëÄ",14,1,0.0,0.0,migration_007_import,"2025-12-12 11:44:05",VERY_SHORT_NO_EARNINGS
57459,"Wyd rn baby? üòè",14,1,0.0,0.0,migration_007_import,"2025-12-12 11:44:05",VERY_SHORT_NO_EARNINGS
57463,"Wyd tonight? üòè",14,1,0.0,0.0,migration_007_import,"2025-12-12 11:44:05",VERY_SHORT_NO_EARNINGS
57464,"Wyd tonight? ü•∞",14,1,0.0,0.0,migration_007_import,"2025-12-12 11:44:05",VERY_SHORT_NO_EARNINGS
57608,"you busy rn? üôÉ",14,1,0.0,0.0,migration_007_import,"2025-12-12 11:44:05",VERY_SHORT_NO_EARNINGS
58455,"You up babe? üòã",14,1,0.0,0.0,migration_007_import,"2025-12-12 11:44:05",VERY_SHORT_NO_EARNINGS
58456,"you up babe? ü•∫",14,1,0.0,0.0,migration_007_import,"2025-12-12 11:44:05",VERY_SHORT_NO_EARNINGS
58457,"you up baby? üôà",14,1,0.0,0.0,migration_007_import,"2025-12-12 11:44:05",VERY_SHORT_NO_EARNINGS
58504,"you uup boo? üòâ",14,1,0.0,0.0,migration_007_import,"2025-12-12 11:44:05",VERY_SHORT_NO_EARNINGS
1598,"Just woke up üòá",14,1,0.0,0.0,internal,"2025-11-30 07:11:27",VERY_SHORT_NO_EARNINGS
2165,"Good morning !",14,1,0.0,0.0,internal,"2025-11-30 07:11:27",VERY_SHORT_NO_EARNINGS
2193,"My cash app :)",14,1,0.0,0.0,internal,"2025-11-30 07:11:27",VERY_SHORT_NO_EARNINGS
3549,"Smash or pass?",14,1,0.0,0.0,internal,"2025-11-30 07:11:27",VERY_SHORT_NO_EARNINGS
2911,"Morning habibi",14,1,0.0,0.0,internal,"2025-11-30 07:11:27",VERY_SHORT_NO_EARNINGS
19840,"SQUIRT QUEEN!üí¶",14,0,0.0,50.0,internal,"2025-12-09 12:50:00",VERY_SHORT_NEVER_USED
19954,"Sweet like a üçë",14,0,0.0,50.0,internal,"2025-12-09 12:50:39",VERY_SHORT_NEVER_USED
19993,"Sweet girl Viüíõ",14,0,0.0,50.0,internal,"2025-12-09 12:50:51",VERY_SHORT_NEVER_USED
20039,"are you ready?",14,0,0.0,50.0,internal,"2025-12-09 12:51:04",VERY_SHORT_NEVER_USED
20066,"i'd save you üòã",14,0,0.0,50.0,internal,"2025-12-09 12:51:15",VERY_SHORT_NEVER_USED
20176,"Funny kitty üòçü•∞",14,0,0.0,50.0,internal,"2025-12-10 07:23:53",VERY_SHORT_NEVER_USED
20462,"selfieee babyüò≥",14,0,0.0,50.0,internal,"2025-12-12 02:44:42",VERY_SHORT_NEVER_USED
20463,"break at workü§§",14,0,0.0,50.0,internal,"2025-12-12 02:44:42",VERY_SHORT_NEVER_USED
22519,"Are you busy? üëÄ",15,3,0.0,0.0,migration_007_import,"2025-12-12 11:44:05",VERY_SHORT_NO_EARNINGS
33628,"How's your day?",15,3,0.0,0.0,migration_007_import,"2025-12-12 11:44:05",VERY_SHORT_NO_EARNINGS
48852,"Still up, baby?",15,3,0.0,0.0,migration_007_import,"2025-12-12 11:44:05",VERY_SHORT_NO_EARNINGS
55131,"What you up to?",15,3,0.0,0.0,migration_007_import,"2025-12-12 11:44:05",VERY_SHORT_NO_EARNINGS
25678,"Can't sleeeep ü•π",15,2,0.0,0.0,migration_007_import,"2025-12-12 11:44:05",VERY_SHORT_NO_EARNINGS
26580,"cum on me daddy",15,2,0.0,0.0,migration_007_import,"2025-12-12 11:44:05",VERY_SHORT_NO_EARNINGS
44122,"Morning baby! üòä",15,2,0.0,0.0,migration_007_import,"2025-12-12 11:44:05",VERY_SHORT_NO_EARNINGS
51384,"Truth or dare üòà",15,2,0.0,0.0,migration_007_import,"2025-12-12 11:44:05",VERY_SHORT_NO_EARNINGS
22427,"Are you alone?üòà",15,2,0.0,0.0,migration_007_import,"2025-12-12 11:44:05",VERY_SHORT_NO_EARNINGS
22464,"are you awake üò¢",15,1,0.0,0.0,migration_007_import,"2025-12-12 11:44:05",VERY_SHORT_NO_EARNINGS
22465,"Are you awake üôà",15,1,0.0,0.0,migration_007_import,"2025-12-12 11:44:05",VERY_SHORT_NO_EARNINGS
22466,"Are you awake ü•∞",15,1,0.0,0.0,migration_007_import,"2025-12-12 11:44:05",VERY_SHORT_NO_EARNINGS
26223,"come play babyüòã",15,1,0.0,0.0,migration_007_import,"2025-12-12 11:44:05",VERY_SHORT_NO_EARNINGS
29381,"enjoy it baby üòâ",15,1,0.0,0.0,migration_007_import,"2025-12-12 11:44:05",VERY_SHORT_NO_EARNINGS
29778,"feeling dirty ü•µ",15,1,0.0,0.0,migration_007_import,"2025-12-12 11:44:05",VERY_SHORT_NO_EARNINGS
30431,"Good evening ‚ò∫Ô∏è",15,1,0.0,0.0,migration_007_import,"2025-12-12 11:44:05",VERY_SHORT_NO_EARNINGS
30563,"Good morning ‚òÄÔ∏è",15,1,0.0,0.0,migration_007_import,"2025-12-12 11:44:05",VERY_SHORT_NO_EARNINGS
30794,"goodnighttttt üòò",15,1,0.0,0.0,migration_007_import,"2025-12-12 11:44:05",VERY_SHORT_NO_EARNINGS
30885,"got dicked down",15,1,0.0,0.0,migration_007_import,"2025-12-12 11:44:05",VERY_SHORT_NO_EARNINGS
31322,"Happy new yearüòá",15,1,0.0,0.0,migration_007_import,"2025-12-12 11:44:05",VERY_SHORT_NO_EARNINGS
32111,"Hey handsome! üòò",15,1,0.0,0.0,migration_007_import,"2025-12-12 11:44:05",VERY_SHORT_NO_EARNINGS
32723,"hiiiiii daddy üò≥",15,1,0.0,0.0,migration_007_import,"2025-12-12 11:44:05",VERY_SHORT_NO_EARNINGS
32875,"Horny morning ü•µ",15,1,0.0,0.0,migration_007_import,"2025-12-12 11:44:05",VERY_SHORT_NO_EARNINGS
34087,"I can't sleep ü•π",15,1,0.0,0.0,migration_007_import,"2025-12-12 11:44:05",VERY_SHORT_NO_EARNINGS
35715,"I made a mess ü•µ",15,1,0.0,0.0,migration_007_import,"2025-12-12 11:44:05",VERY_SHORT_NO_EARNINGS
35822,"I need a dick üôÑ",15,1,0.0,0.0,migration_007_import,"2025-12-12 11:44:05",VERY_SHORT_NO_EARNINGS
37828,"I'm so wet rn üí¶",15,1,0.0,0.0,migration_007_import,"2025-12-12 11:44:05",VERY_SHORT_NO_EARNINGS
44083,"morning babe ‚ù§Ô∏è",15,1,0.0,0.0,migration_007_import,"2025-12-12 11:44:05",VERY_SHORT_NO_EARNINGS
44094,"Morning babe! üòä",15,1,0.0,0.0,migration_007_import,"2025-12-12 11:44:05",VERY_SHORT_NO_EARNINGS
44123,"Morning baby! üòò",15,1,0.0,0.0,migration_007_import,"2025-12-12 11:44:05",VERY_SHORT_NO_EARNINGS
44148,"Morning cutie üòò",15,1,0.0,0.0,migration_007_import,"2025-12-12 11:44:05",VERY_SHORT_NO_EARNINGS
22454,"Are you asleep?",15,1,0.0,0.0,migration_007_import,"2025-12-12 11:44:05",VERY_SHORT_NO_EARNINGS
22521,"Are you busy? üòè",15,1,0.0,0.0,migration_007_import,"2025-12-12 11:44:05",VERY_SHORT_NO_EARNINGS
22522,"Are you busy? üòï",15,1,0.0,0.0,migration_007_import,"2025-12-12 11:44:05",VERY_SHORT_NO_EARNINGS
22523,"Are you busy? ü•∫",15,1,0.0,0.0,migration_007_import,"2025-12-12 11:44:05",VERY_SHORT_NO_EARNINGS
22725,"are you here? üôà",15,1,0.0,0.0,migration_007_import,"2025-12-12 11:44:05",VERY_SHORT_NO_EARNINGS
23094,"Are you there??",15,1,0.0,0.0,migration_007_import,"2025-12-12 11:44:05",VERY_SHORT_NO_EARNINGS
23095,"Are you there?ü•∫",15,1,0.0,0.0,migration_007_import,"2025-12-12 11:44:05",VERY_SHORT_NO_EARNINGS
23620,"baby u there? üëÄ",15,1,0.0,0.0,migration_007_import,"2025-12-12 11:44:05",VERY_SHORT_NO_EARNINGS
23647,"BABY!! u there?",15,1,0.0,0.0,migration_007_import,"2025-12-12 11:44:05",VERY_SHORT_NO_EARNINGS
24720,"BG üòà or SOLO ü•µ?",15,1,0.0,0.0,migration_007_import,"2025-12-12 11:44:05",VERY_SHORT_NO_EARNINGS
24721,"BG, GG or Solo?",15,1,0.0,0.0,migration_007_import,"2025-12-12 11:44:05",VERY_SHORT_NO_EARNINGS
30824,"Got a minute? üôà",15,1,0.0,0.0,migration_007_import,"2025-12-12 11:44:05",VERY_SHORT_NO_EARNINGS
31541,"Hello daddyy? üòà",15,1,0.0,0.0,migration_007_import,"2025-12-12 11:44:05",VERY_SHORT_NO_EARNINGS
31835,"hey baby wyd? üòò",15,1,0.0,0.0,migration_007_import,"2025-12-12 11:44:05",VERY_SHORT_NO_EARNINGS
32294,"Hey! u awake? üòí",15,1,0.0,0.0,migration_007_import,"2025-12-12 11:44:05",VERY_SHORT_NO_EARNINGS
32699,"Hii what's up?üòò",15,1,0.0,0.0,migration_007_import,"2025-12-12 11:44:05",VERY_SHORT_NO_EARNINGS
32710,"hiii you there?",15,1,0.0,0.0,migration_007_import,"2025-12-12 11:44:05",VERY_SHORT_NO_EARNINGS
33744,"How‚Äôs your day?",15,1,0.0,0.0,migration_007_import,"2025-12-12 11:44:05",VERY_SHORT_NO_EARNINGS
42756,"Kiss or lick? ü´¶",15,1,0.0,0.0,migration_007_import,"2025-12-12 11:44:05",VERY_SHORT_NO_EARNINGS
43747,"Me for lunch? ü§≠",15,1,0.0,0.0,migration_007_import,"2025-12-12 11:44:05",VERY_SHORT_NO_EARNINGS
43751,"Me or coffee?ü§≠üòà",15,1,0.0,0.0,migration_007_import,"2025-12-12 11:44:05",VERY_SHORT_NO_EARNINGS
44312,"morning! wyd? üòä",15,1,0.0,0.0,migration_007_import,"2025-12-12 11:44:05",VERY_SHORT_NO_EARNINGS
46497,"Ready for me? üëÄ",15,1,0.0,0.0,migration_007_import,"2025-12-12 11:44:05",VERY_SHORT_NO_EARNINGS
46523,"Ready to 69? üçÜüòà",15,1,0.0,0.0,migration_007_import,"2025-12-12 11:44:05",VERY_SHORT_NO_EARNINGS
46534,"Ready to cum? ü•µ",15,1,0.0,0.0,migration_007_import,"2025-12-12 11:44:05",VERY_SHORT_NO_EARNINGS
48235,"So... What now?",15,1,0.0,0.0,migration_007_import,"2025-12-12 11:44:05",VERY_SHORT_NO_EARNINGS
48715,"Still not up? üòè",15,1,0.0,0.0,migration_007_import,"2025-12-12 11:44:05",VERY_SHORT_NO_EARNINGS
48807,"still up babe?üòä",15,1,0.0,0.0,migration_007_import,"2025-12-12 11:44:05",VERY_SHORT_NO_EARNINGS
48808,"Still up babee?",15,1,0.0,0.0,migration_007_import,"2025-12-12 11:44:05",VERY_SHORT_NO_EARNINGS
48815,"still up babyy?",15,1,0.0,0.0,migration_007_import,"2025-12-12 11:44:05",VERY_SHORT_NO_EARNINGS
48822,"still up daddy?",15,1,0.0,0.0,migration_007_import,"2025-12-12 11:44:05",VERY_SHORT_NO_EARNINGS
51141,"tits or ass? üçíüçë",15,1,0.0,0.0,migration_007_import,"2025-12-12 11:44:05",VERY_SHORT_NO_EARNINGS
51146,"Tits or ass?? üòè",15,1,0.0,0.0,migration_007_import,"2025-12-12 11:44:05",VERY_SHORT_NO_EARNINGS
51388,"Truth or dare?üëÄ",15,1,0.0,0.0,migration_007_import,"2025-12-12 11:44:05",VERY_SHORT_NO_EARNINGS
51544,"U there babe? üëÄ",15,1,0.0,0.0,migration_007_import,"2025-12-12 11:44:05",VERY_SHORT_NO_EARNINGS
51545,"u there babe? üòû",15,1,0.0,0.0,migration_007_import,"2025-12-12 11:44:05",VERY_SHORT_NO_EARNINGS
51546,"u there babe? üôà",15,1,0.0,0.0,migration_007_import,"2025-12-12 11:44:05",VERY_SHORT_NO_EARNINGS
51547,"u there baby? üòè",15,1,0.0,0.0,migration_007_import,"2025-12-12 11:44:05",VERY_SHORT_NO_EARNINGS
51548,"u there habibi?",15,1,0.0,0.0,migration_007_import,"2025-12-12 11:44:05",VERY_SHORT_NO_EARNINGS
52051,"Wanna cuddle? üòò",15,1,0.0,0.0,migration_007_import,"2025-12-12 11:44:05",VERY_SHORT_NO_EARNINGS
54860,"what u up to? üòú",15,1,0.0,0.0,migration_007_import,"2025-12-12 11:44:05",VERY_SHORT_NO_EARNINGS
57645,"You chilling? üòÉ",15,1,0.0,0.0,migration_007_import,"2025-12-12 11:44:05",VERY_SHORT_NO_EARNINGS
58375,"you still up? üòè",15,1,0.0,0.0,migration_007_import,"2025-12-12 11:44:05",VERY_SHORT_NO_EARNINGS
58376,"you still up? ü´∂",15,1,0.0,0.0,migration_007_import,"2025-12-12 11:44:05",VERY_SHORT_NO_EARNINGS
58391,"you there babe?",15,1,0.0,0.0,migration_007_import,"2025-12-12 11:44:05",VERY_SHORT_NO_EARNINGS
60554,"üòò do u miss me?",15,1,0.0,0.0,migration_007_import,"2025-12-12 11:44:05",VERY_SHORT_NO_EARNINGS
1522,"good morning üôäüôä",15,1,0.0,0.0,internal,"2025-11-30 07:11:27",VERY_SHORT_NO_EARNINGS
2150,"Did u cum yet ?",15,1,0.0,0.0,internal,"2025-11-30 07:11:27",VERY_SHORT_NO_EARNINGS
3192,"Custom request?",15,1,0.0,0.0,internal,"2025-11-30 07:11:27",VERY_SHORT_NO_EARNINGS
3390,"STREAMING NOW X",15,1,0.0,0.0,internal,"2025-11-30 07:11:27",VERY_SHORT_NO_EARNINGS
4015,"I‚Äôm so horny! üòù",15,1,0.0,0.0,internal,"2025-11-30 07:11:27",VERY_SHORT_NO_EARNINGS
19771,"Good morning üòãü•∞",15,0,0.0,50.0,internal,"2025-12-09 12:49:36",VERY_SHORT_NEVER_USED
19959,"Rip it off me?üòõ",15,0,0.0,50.0,internal,"2025-12-09 12:50:39",VERY_SHORT_NEVER_USED
19967,"@kelseyxovip üòõüíú",15,0,0.0,50.0,internal,"2025-12-09 12:50:39",VERY_SHORT_NEVER_USED
19990,"Back to schoolüìö",15,0,0.0,50.0,internal,"2025-12-09 12:50:51",VERY_SHORT_NEVER_USED
20079,"Spoiler alert!üö®",15,0,0.0,50.0,internal,"2025-12-09 12:51:16",VERY_SHORT_NEVER_USED
20085,nudesssssssssss,15,0,0.0,50.0,internal,"2025-12-09 12:51:16",VERY_SHORT_NEVER_USED
20240,"Join me here? üí¶",15,0,0.0,50.0,internal,"2025-12-11 05:09:42",VERY_SHORT_NEVER_USED
20328,"Ready to train‚ô°",15,0,0.0,50.0,internal,"2025-12-11 05:10:44",VERY_SHORT_NEVER_USED
20342,"Check my look üòã",15,0,0.0,50.0,internal,"2025-12-11 05:10:45",VERY_SHORT_NEVER_USED
55397,"whatcha doing? üëÄ",16,3,0.0,0.0,migration_007_import,"2025-12-12 11:44:05",VERY_SHORT_NO_EARNINGS
23092,"Are you there? üòà",16,2,0.0,0.0,migration_007_import,"2025-12-12 11:44:05",VERY_SHORT_NO_EARNINGS
30965,"got time for me?",16,2,0.0,0.0,migration_007_import,"2025-12-12 11:44:05",VERY_SHORT_NO_EARNINGS
46491,"Ready for fun? üòò",16,2,0.0,0.0,migration_007_import,"2025-12-12 11:44:05",VERY_SHORT_NO_EARNINGS
48799,"still up babe? üò©",16,2,0.0,0.0,migration_007_import,"2025-12-12 11:44:05",VERY_SHORT_NO_EARNINGS
51386,"Truth or Dare? üòà",16,2,0.0,0.0,migration_007_import,"2025-12-12 11:44:05",VERY_SHORT_NO_EARNINGS
57449,"wyd now, babe? ü•∞",16,2,0.0,0.0,migration_007_import,"2025-12-12 11:44:05",VERY_SHORT_NO_EARNINGS
21543,"### wyd rn babyüòà",16,1,0.0,0.0,migration_007_import,"2025-12-12 11:44:05",VERY_SHORT_NO_EARNINGS
22334,"are u mad at meü•π",16,1,0.0,0.0,migration_007_import,"2025-12-12 11:44:05",VERY_SHORT_NO_EARNINGS
22869,"are you online üíö",16,1,0.0,0.0,migration_007_import,"2025-12-12 11:44:05",VERY_SHORT_NO_EARNINGS
23173,"are you up yet üôà",16,1,0.0,0.0,migration_007_import,"2025-12-12 11:44:05",VERY_SHORT_NO_EARNINGS
23174,"Are you up yet ü§™",16,1,0.0,0.0,migration_007_import,"2025-12-12 11:44:05",VERY_SHORT_NO_EARNINGS
26467,"Craving it bad üçÜ",16,1,0.0,0.0,migration_007_import,"2025-12-12 11:44:05",VERY_SHORT_NO_EARNINGS
26498,"Craving you rn ü§≠",16,1,0.0,0.0,migration_007_import,"2025-12-12 11:44:05",VERY_SHORT_NO_EARNINGS
29184,"Don‚Äôt miss this!",16,1,0.0,0.0,migration_007_import,"2025-12-12 11:44:05",VERY_SHORT_NO_EARNINGS
29283,"Dream about me ü´¶",16,1,0.0,0.0,migration_007_import,"2025-12-12 11:44:05",VERY_SHORT_NO_EARNINGS
30121,"For you, babe ‚ù§Ô∏è",16,1,0.0,0.0,migration_007_import,"2025-12-12 11:44:05",VERY_SHORT_NO_EARNINGS
30412,"Good afternoon üòò",16,1,0.0,0.0,migration_007_import,"2025-12-12 11:44:05",VERY_SHORT_NO_EARNINGS
30620,"good morning! üôàüòò",16,1,0.0,0.0,migration_007_import,"2025-12-12 11:44:05",VERY_SHORT_NO_EARNINGS
30624,"Good morning!! üòä",16,1,0.0,0.0,migration_007_import,"2025-12-12 11:44:05",VERY_SHORT_NO_EARNINGS
30626,"good morning!!üåûüåá",16,1,0.0,0.0,migration_007_import,"2025-12-12 11:44:05",VERY_SHORT_NO_EARNINGS
30757,"Good morninggg ü•∞",16,1,0.0,0.0,migration_007_import,"2025-12-12 11:44:05",VERY_SHORT_NO_EARNINGS
31261,habibiiiiiiiiiii,16,1,0.0,0.0,migration_007_import,"2025-12-12 11:44:05",VERY_SHORT_NO_EARNINGS
31351,"hard morning! üçÜüòã",16,1,0.0,0.0,migration_007_import,"2025-12-12 11:44:05",VERY_SHORT_NO_EARNINGS
32104,"Hey guess what üôà",16,1,0.0,0.0,migration_007_import,"2025-12-12 11:44:05",VERY_SHORT_NO_EARNINGS
34093,"I can't sleep. ü•∫",16,1,0.0,0.0,migration_007_import,"2025-12-12 11:44:05",VERY_SHORT_NO_EARNINGS
37461,"I'm bored babe üòí",16,1,0.0,0.0,migration_007_import,"2025-12-12 11:44:05",VERY_SHORT_NO_EARNINGS
43183,"Let‚Äôs get freaky",16,1,0.0,0.0,migration_007_import,"2025-12-12 11:44:05",VERY_SHORT_NO_EARNINGS
44169,"morning habibi üòò",16,1,0.0,0.0,migration_007_import,"2025-12-12 11:44:05",VERY_SHORT_NO_EARNINGS
45080,"my pussy is sore",16,1,0.0,0.0,migration_007_import,"2025-12-12 11:44:05",VERY_SHORT_NO_EARNINGS
47925,"Show it, I rateüçÜ",16,1,0.0,0.0,migration_007_import,"2025-12-12 11:44:05",VERY_SHORT_NO_EARNINGS
47965,"show me your cum",16,1,0.0,0.0,migration_007_import,"2025-12-12 11:44:05",VERY_SHORT_NO_EARNINGS
51951,"wake uppp love!!",16,1,0.0,0.0,migration_007_import,"2025-12-12 11:44:05",VERY_SHORT_NO_EARNINGS
57484,"Y0uthful Daisy üòá",16,1,0.0,0.0,migration_007_import,"2025-12-12 11:44:05",VERY_SHORT_NO_EARNINGS
22425,"Are you alone? üòà",16,1,0.0,0.0,migration_007_import,"2025-12-12 11:44:05",VERY_SHORT_NO_EARNINGS
22450,"are you around?üëÄ",16,1,0.0,0.0,migration_007_import,"2025-12-12 11:44:05",VERY_SHORT_NO_EARNINGS
22451,"are you around?üíã",16,1,0.0,0.0,migration_007_import,"2025-12-12 11:44:05",VERY_SHORT_NO_EARNINGS
22468,"Are you awake? ü§î",16,1,0.0,0.0,migration_007_import,"2025-12-12 11:44:05",VERY_SHORT_NO_EARNINGS
22503,"are you busy rn?",16,1,0.0,0.0,migration_007_import,"2025-12-12 11:44:05",VERY_SHORT_NO_EARNINGS
23093,"Are you there? üòò",16,1,0.0,0.0,migration_007_import,"2025-12-12 11:44:05",VERY_SHORT_NO_EARNINGS
23198,"Are you with me?",16,1,0.0,0.0,migration_007_import,"2025-12-12 11:44:05",VERY_SHORT_NO_EARNINGS
23621,"Baby u there?? üíî",16,1,0.0,0.0,migration_007_import,"2025-12-12 11:44:05",VERY_SHORT_NO_EARNINGS
23812,"Baby, videocall?",16,1,0.0,0.0,migration_007_import,"2025-12-12 11:44:05",VERY_SHORT_NO_EARNINGS
24737,"Birthday sext? ü§≠",16,1,0.0,0.0,migration_007_import,"2025-12-12 11:44:05",VERY_SHORT_NO_EARNINGS
24771,"Boobs or Ass? üçíüçë",16,1,0.0,0.0,migration_007_import,"2025-12-12 11:44:05",VERY_SHORT_NO_EARNINGS
24802,"Bored at work? üòè",16,1,0.0,0.0,migration_007_import,"2025-12-12 11:44:05",VERY_SHORT_NO_EARNINGS
25345,"Can we talk? ;))",16,1,0.0,0.0,migration_007_import,"2025-12-12 11:44:05",VERY_SHORT_NO_EARNINGS
29769,"feeling cuddly?üòç",16,1,0.0,0.0,migration_007_import,"2025-12-12 11:44:05",VERY_SHORT_NO_EARNINGS
31256,"habibi u there??",16,1,0.0,0.0,migration_007_import,"2025-12-12 11:44:05",VERY_SHORT_NO_EARNINGS
31523,"heeey! you up? üòâ",16,1,0.0,0.0,migration_007_import,"2025-12-12 11:44:05",VERY_SHORT_NO_EARNINGS
31953,"Hey baby, wyd? üòò",16,1,0.0,0.0,migration_007_import,"2025-12-12 11:44:05",VERY_SHORT_NO_EARNINGS
32194,"Hey there! Busy?",16,1,0.0,0.0,migration_007_import,"2025-12-12 11:44:05",VERY_SHORT_NO_EARNINGS
32234,"Hey what's up? üôÉ",16,1,0.0,0.0,migration_007_import,"2025-12-12 11:44:05",VERY_SHORT_NO_EARNINGS
32237,"hey you busy rn?",16,1,0.0,0.0,migration_007_import,"2025-12-12 11:44:05",VERY_SHORT_NO_EARNINGS
32423,"Hey, what is up?",16,1,0.0,0.0,migration_007_import,"2025-12-12 11:44:05",VERY_SHORT_NO_EARNINGS
32615,"Hi babe! ‚ù§Ô∏è wyd?",16,1,0.0,0.0,migration_007_import,"2025-12-12 11:44:05",VERY_SHORT_NO_EARNINGS
32719,"hiiii you there?",16,1,0.0,0.0,migration_007_import,"2025-12-12 11:44:05",VERY_SHORT_NO_EARNINGS
33552,"how's it goin? üôà",16,1,0.0,0.0,migration_007_import,"2025-12-12 11:44:05",VERY_SHORT_NO_EARNINGS
33688,"hows your day? üòò",16,1,0.0,0.0,migration_007_import,"2025-12-12 11:44:05",VERY_SHORT_NO_EARNINGS
33795,"Hungry for me? üëÖ",16,1,0.0,0.0,migration_007_import,"2025-12-12 11:44:05",VERY_SHORT_NO_EARNINGS
42103,"Just chilling? ü§î",16,1,0.0,0.0,migration_007_import,"2025-12-12 11:44:05",VERY_SHORT_NO_EARNINGS
43843,"miss me daddy? üëÄ",16,1,0.0,0.0,migration_007_import,"2025-12-12 11:44:05",VERY_SHORT_NO_EARNINGS
43868,"Miss my smile? üòä",16,1,0.0,0.0,migration_007_import,"2025-12-12 11:44:05",VERY_SHORT_NO_EARNINGS
46351,"Pussy for lunch?",16,1,0.0,0.0,migration_007_import,"2025-12-12 11:44:05",VERY_SHORT_NO_EARNINGS
46490,"Ready for bed? ü§≠",16,1,0.0,0.0,migration_007_import,"2025-12-12 11:44:05",VERY_SHORT_NO_EARNINGS
48797,"still up babe? üëÄ",16,1,0.0,0.0,migration_007_import,"2025-12-12 11:44:05",VERY_SHORT_NO_EARNINGS
48798,"still up babe? üòò",16,1,0.0,0.0,migration_007_import,"2025-12-12 11:44:05",VERY_SHORT_NO_EARNINGS
48800,"Still up babe? üôÑ",16,1,0.0,0.0,migration_007_import,"2025-12-12 11:44:05",VERY_SHORT_NO_EARNINGS
48802,"Still up babe? ü•∞",16,1,0.0,0.0,migration_007_import,"2025-12-12 11:44:05",VERY_SHORT_NO_EARNINGS
48803,"still up babe? ü•∫",16,1,0.0,0.0,migration_007_import,"2025-12-12 11:44:05",VERY_SHORT_NO_EARNINGS
48804,"still up babe? ü´£",16,1,0.0,0.0,migration_007_import,"2025-12-12 11:44:05",VERY_SHORT_NO_EARNINGS
48813,"still up baby? üëÄ",16,1,0.0,0.0,migration_007_import,"2025-12-12 11:44:05",VERY_SHORT_NO_EARNINGS
48814,"still up baby? üòº",16,1,0.0,0.0,migration_007_import,"2025-12-12 11:44:05",VERY_SHORT_NO_EARNINGS
48824,"still up daddyy?",16,1,0.0,0.0,migration_007_import,"2025-12-12 11:44:05",VERY_SHORT_NO_EARNINGS
48851,"Still up, babe?ü§ó",16,1,0.0,0.0,migration_007_import,"2025-12-12 11:44:05",VERY_SHORT_NO_EARNINGS
48854,"Still up, baby?üòà",16,1,0.0,0.0,migration_007_import,"2025-12-12 11:44:05",VERY_SHORT_NO_EARNINGS
48916,"Still with me? üòè",16,1,0.0,0.0,migration_007_import,"2025-12-12 11:44:05",VERY_SHORT_NO_EARNINGS
51150,"Tits or pussy? ü•µ",16,1,0.0,0.0,migration_007_import,"2025-12-12 11:44:05",VERY_SHORT_NO_EARNINGS
51329,"Top or bottom? üëÄ",16,1,0.0,0.0,migration_007_import,"2025-12-12 11:44:05",VERY_SHORT_NO_EARNINGS
51387,"Truth or dare? üòè",16,1,0.0,0.0,migration_007_import,"2025-12-12 11:44:05",VERY_SHORT_NO_EARNINGS
51447,"u around babe? üòû",16,1,0.0,0.0,migration_007_import,"2025-12-12 11:44:05",VERY_SHORT_NO_EARNINGS
51543,"u there babe? ‚ù§Ô∏è",16,1,0.0,0.0,migration_007_import,"2025-12-12 11:44:05",VERY_SHORT_NO_EARNINGS
51759,"Up for a custom?",16,1,0.0,0.0,migration_007_import,"2025-12-12 11:44:05",VERY_SHORT_NO_EARNINGS
52052,"Wanna cuddle? üõèÔ∏è",16,1,0.0,0.0,migration_007_import,"2025-12-12 11:44:05",VERY_SHORT_NO_EARNINGS
53395,"Want a taste? üëÖüçë",16,1,0.0,0.0,migration_007_import,"2025-12-12 11:44:05",VERY_SHORT_NO_EARNINGS
53807,"want to play tnü•∞",16,1,0.0,0.0,migration_007_import,"2025-12-12 11:44:05",VERY_SHORT_NO_EARNINGS
57432,"Wyd ? You up ? üòâ",16,1,0.0,0.0,migration_007_import,"2025-12-12 11:44:05",VERY_SHORT_NO_EARNINGS
57454,"Wyd right now? üíã",16,1,0.0,0.0,migration_007_import,"2025-12-12 11:44:05",VERY_SHORT_NO_EARNINGS
58374,"You still up? üçÜüëÖ",16,1,0.0,0.0,migration_007_import,"2025-12-12 11:44:05",VERY_SHORT_NO_EARNINGS
58397,"You there, babe?",16,1,0.0,0.0,migration_007_import,"2025-12-12 11:44:05",VERY_SHORT_NO_EARNINGS
59916,"üçí Boobs or Ass?üçë",16,1,0.0,0.0,migration_007_import,"2025-12-12 11:44:05",VERY_SHORT_NO_EARNINGS
2085,"What you doing ?",16,1,0.0,0.0,internal,"2025-11-30 07:11:27",VERY_SHORT_NO_EARNINGS
3691,"Did you miss me?",16,1,0.0,0.0,internal,"2025-11-30 07:11:27",VERY_SHORT_NO_EARNINGS
1973,"Still up, babe?üòä",16,1,0.0,0.0,internal,"2025-11-30 07:11:27",VERY_SHORT_NO_EARNINGS
2056,"Cum on my face üí¶",16,1,0.0,0.0,internal,"2025-11-30 07:11:27",VERY_SHORT_NO_EARNINGS
19921,"Smiling at youü•∞üòò",16,0,0.0,50.0,internal,"2025-12-09 12:50:25",VERY_SHORT_NEVER_USED
19964,"Happy Tuesday üíúüòù",16,0,0.0,50.0,internal,"2025-12-09 12:50:39",VERY_SHORT_NEVER_USED
20032,"Big energy only.",16,0,0.0,50.0,internal,"2025-12-09 12:51:04",VERY_SHORT_NEVER_USED
20101,"Happy mondayyyy!",16,0,0.0,50.0,internal,"2025-12-09 12:51:16",VERY_SHORT_NEVER_USED
20243,"Wanna get wet? üí¶",16,0,0.0,50.0,internal,"2025-12-11 05:09:42",VERY_SHORT_NEVER_USED
20394,"hi down there :)",16,0,0.0,50.0,internal,"2025-12-12 02:43:02",VERY_SHORT_NEVER_USED
23033,"are you still up?",17,8,0.0,0.0,migration_007_import,"2025-12-12 11:44:05",VERY_SHORT_NO_EARNINGS
33455,"How was your day?",17,7,0.0,0.0,migration_007_import,"2025-12-12 11:44:05",VERY_SHORT_NO_EARNINGS
31552,"Hello?! BABE.. ‚ù§Ô∏è",17,5,0.0,0.0,migration_007_import,"2025-12-12 11:44:05",VERY_SHORT_NO_EARNINGS
58392,"You there babe? üëÄ",17,4,0.0,0.0,migration_007_import,"2025-12-12 11:44:05",VERY_SHORT_NO_EARNINGS
57554,"You around baby?üëÄ",17,3,0.0,0.0,migration_007_import,"2025-12-12 11:44:05",VERY_SHORT_NO_EARNINGS
43219,"Let‚Äôs make mess üí¶",17,2,0.0,0.0,migration_007_import,"2025-12-12 11:44:05",VERY_SHORT_NO_EARNINGS
22493,"Are you busy now?",17,2,0.0,0.0,migration_007_import,"2025-12-12 11:44:05",VERY_SHORT_NO_EARNINGS
23630,"Baby what's up? üòº",17,2,0.0,0.0,migration_007_import,"2025-12-12 11:44:05",VERY_SHORT_NO_EARNINGS
29819,"Feeling frisky? üòà",17,2,0.0,0.0,migration_007_import,"2025-12-12 11:44:05",VERY_SHORT_NO_EARNINGS
43485,"Looking for me? üòò",17,2,0.0,0.0,migration_007_import,"2025-12-12 11:44:05",VERY_SHORT_NO_EARNINGS
48850,"still up, babe? ü•∫",17,2,0.0,0.0,migration_007_import,"2025-12-12 11:44:05",VERY_SHORT_NO_EARNINGS
51254,"too busy for me?ü§≠",17,2,0.0,0.0,migration_007_import,"2025-12-12 11:44:05",VERY_SHORT_NO_EARNINGS
23307,"Babe I'm tipsy af",17,1,0.0,0.0,migration_007_import,"2025-12-12 11:44:05",VERY_SHORT_NO_EARNINGS
25957,"Careful‚Ä¶ I bite üòè",17,1,0.0,0.0,migration_007_import,"2025-12-12 11:44:05",VERY_SHORT_NO_EARNINGS
26590,"Cum play with meü•µ",17,1,0.0,0.0,migration_007_import,"2025-12-12 11:44:05",VERY_SHORT_NO_EARNINGS
30105,"Focus on me babyü´¶",17,1,0.0,0.0,migration_007_import,"2025-12-12 11:44:05",VERY_SHORT_NO_EARNINGS
30535,"Good morning hehe",17,1,0.0,0.0,migration_007_import,"2025-12-12 11:44:05",VERY_SHORT_NO_EARNINGS
30566,"good morning ‚ò∫Ô∏è‚ò∫Ô∏è",17,1,0.0,0.0,migration_007_import,"2025-12-12 11:44:05",VERY_SHORT_NO_EARNINGS
30798,"Goood morning!! üòâ",17,1,0.0,0.0,migration_007_import,"2025-12-12 11:44:05",VERY_SHORT_NO_EARNINGS
31249,"habibi i need you",17,1,0.0,0.0,migration_007_import,"2025-12-12 11:44:05",VERY_SHORT_NO_EARNINGS
31260,"habibiii i miss u",17,1,0.0,0.0,migration_007_import,"2025-12-12 11:44:05",VERY_SHORT_NO_EARNINGS
32572,"Heyyyü•∞ are u busy",17,1,0.0,0.0,migration_007_import,"2025-12-12 11:44:05",VERY_SHORT_NO_EARNINGS
32872,"Horny 4 you bby üòÖ",17,1,0.0,0.0,migration_007_import,"2025-12-12 11:44:05",VERY_SHORT_NO_EARNINGS
33955,"I bet you won't üòà",17,1,0.0,0.0,migration_007_import,"2025-12-12 11:44:05",VERY_SHORT_NO_EARNINGS
34774,"I have a secret ü§≠",17,1,0.0,0.0,migration_007_import,"2025-12-12 11:44:05",VERY_SHORT_NO_EARNINGS
34804,"i have an ideaa ü´¶",17,1,0.0,0.0,migration_007_import,"2025-12-12 11:44:05",VERY_SHORT_NO_EARNINGS
35803,"I miss you babe üòî",17,1,0.0,0.0,migration_007_import,"2025-12-12 11:44:05",VERY_SHORT_NO_EARNINGS
35821,"I need a coffee üí§",17,1,0.0,0.0,migration_007_import,"2025-12-12 11:44:05",VERY_SHORT_NO_EARNINGS
36567,"i want companyyyy",17,1,0.0,0.0,migration_007_import,"2025-12-12 11:44:05",VERY_SHORT_NO_EARNINGS
39138,"Im horny rn babyüòà",17,1,0.0,0.0,migration_007_import,"2025-12-12 11:44:05",VERY_SHORT_NO_EARNINGS
43184,"Let‚Äôs get freakyüòà",17,1,0.0,0.0,migration_007_import,"2025-12-12 11:44:05",VERY_SHORT_NO_EARNINGS
43669,"make me cum babyüíã",17,1,0.0,0.0,migration_007_import,"2025-12-12 11:44:05",VERY_SHORT_NO_EARNINGS
44168,"morning habibi üíìüíì",17,1,0.0,0.0,migration_007_import,"2025-12-12 11:44:05",VERY_SHORT_NO_EARNINGS
44376,"morningggg baby üòò",17,1,0.0,0.0,migration_007_import,"2025-12-12 11:44:05",VERY_SHORT_NO_EARNINGS
46262,"POV: I'm on top üòè",17,1,0.0,0.0,migration_007_import,"2025-12-12 11:44:05",VERY_SHORT_NO_EARNINGS
46415,"Quick question...",17,1,0.0,0.0,migration_007_import,"2025-12-12 11:44:05",VERY_SHORT_NO_EARNINGS
46859,"Rise and shine üåÑüòò",17,1,0.0,0.0,migration_007_import,"2025-12-12 11:44:05",VERY_SHORT_NO_EARNINGS
46871,"rise and shine! üòâ",17,1,0.0,0.0,migration_007_import,"2025-12-12 11:44:05",VERY_SHORT_NO_EARNINGS
46872,"rise and shine! üòä",17,1,0.0,0.0,migration_007_import,"2025-12-12 11:44:05",VERY_SHORT_NO_EARNINGS
47112,"SendüçÜ, I‚Äôll judge",17,1,0.0,0.0,migration_007_import,"2025-12-12 11:44:05",VERY_SHORT_NO_EARNINGS
47131,"Sext me I‚Äôm bored",17,1,0.0,0.0,migration_007_import,"2025-12-12 11:44:05",VERY_SHORT_NO_EARNINGS
47976,"shower time.... üòà",17,1,0.0,0.0,migration_007_import,"2025-12-12 11:44:05",VERY_SHORT_NO_EARNINGS
48039,"Slap it for me ü§≠üçë",17,1,0.0,0.0,migration_007_import,"2025-12-12 11:44:05",VERY_SHORT_NO_EARNINGS
48420,"Spank Me Sunday üò©",17,1,0.0,0.0,migration_007_import,"2025-12-12 11:44:05",VERY_SHORT_NO_EARNINGS
48443,"spill it for me üòè",17,1,0.0,0.0,migration_007_import,"2025-12-12 11:44:05",VERY_SHORT_NO_EARNINGS
49105,"taking requests üíå",17,1,0.0,0.0,migration_007_import,"2025-12-12 11:44:05",VERY_SHORT_NO_EARNINGS
49113,"Talk to me baby ü•∫",17,1,0.0,0.0,migration_007_import,"2025-12-12 11:44:05",VERY_SHORT_NO_EARNINGS
51737,"Unsending it RN üò™",17,1,0.0,0.0,migration_007_import,"2025-12-12 11:44:05",VERY_SHORT_NO_EARNINGS
51861,"VS how it ended üëÄ",17,1,0.0,0.0,migration_007_import,"2025-12-12 11:44:05",VERY_SHORT_NO_EARNINGS
54759,"what r u up toooo",17,1,0.0,0.0,migration_007_import,"2025-12-12 11:44:05",VERY_SHORT_NO_EARNINGS
60522,"üòà Let‚Äôs cum babyüòà",17,1,0.0,0.0,migration_007_import,"2025-12-12 11:44:05",VERY_SHORT_NO_EARNINGS
22152,"Am I your type? ü§î",17,1,0.0,0.0,migration_007_import,"2025-12-12 11:44:05",VERY_SHORT_NO_EARNINGS
22424,"Are you alone? üëøü•∞",17,1,0.0,0.0,migration_007_import,"2025-12-12 11:44:05",VERY_SHORT_NO_EARNINGS
22426,"Are you alone? ü§îüòà",17,1,0.0,0.0,migration_007_import,"2025-12-12 11:44:05",VERY_SHORT_NO_EARNINGS
22449,"Are you around? üòí",17,1,0.0,0.0,migration_007_import,"2025-12-12 11:44:05",VERY_SHORT_NO_EARNINGS
23618,"Baby u still up?üíã",17,1,0.0,0.0,migration_007_import,"2025-12-12 11:44:05",VERY_SHORT_NO_EARNINGS
23631,"baby what's uppp?",17,1,0.0,0.0,migration_007_import,"2025-12-12 11:44:05",VERY_SHORT_NO_EARNINGS
24900,"Busy with work? ü§î",17,1,0.0,0.0,migration_007_import,"2025-12-12 11:44:05",VERY_SHORT_NO_EARNINGS
31477,"having a break? üëÄ",17,1,0.0,0.0,migration_007_import,"2025-12-12 11:44:05",VERY_SHORT_NO_EARNINGS
31522,"Heeeey! You up? üòè",17,1,0.0,0.0,migration_007_import,"2025-12-12 11:44:05",VERY_SHORT_NO_EARNINGS
31609,"hey are you busy?",17,1,0.0,0.0,migration_007_import,"2025-12-12 11:44:05",VERY_SHORT_NO_EARNINGS
31645,"Hey babe ‚ù§Ô∏è wyd?!",17,1,0.0,0.0,migration_007_import,"2025-12-12 11:44:05",VERY_SHORT_NO_EARNINGS
31971,"Hey babyy! Wyd? üòò",17,1,0.0,0.0,migration_007_import,"2025-12-12 11:44:05",VERY_SHORT_NO_EARNINGS
32299,"Hey! what's up? üòè",17,1,0.0,0.0,migration_007_import,"2025-12-12 11:44:05",VERY_SHORT_NO_EARNINGS
32406,"Hey, miss me yet?",17,1,0.0,0.0,migration_007_import,"2025-12-12 11:44:05",VERY_SHORT_NO_EARNINGS
32488,"Heyy what's up? üòè",17,1,0.0,0.0,migration_007_import,"2025-12-12 11:44:05",VERY_SHORT_NO_EARNINGS
32938,"how are u babe? üòä",17,1,0.0,0.0,migration_007_import,"2025-12-12 11:44:05",VERY_SHORT_NO_EARNINGS
32943,"how are you babe?",17,1,0.0,0.0,migration_007_import,"2025-12-12 11:44:05",VERY_SHORT_NO_EARNINGS
33570,"how's ur sleep? ü•π",17,1,0.0,0.0,migration_007_import,"2025-12-12 11:44:05",VERY_SHORT_NO_EARNINGS
33631,"How's your day? üòä",17,1,0.0,0.0,migration_007_import,"2025-12-12 11:44:05",VERY_SHORT_NO_EARNINGS
33632,"How's your day? ü•∞",17,1,0.0,0.0,migration_007_import,"2025-12-12 11:44:05",VERY_SHORT_NO_EARNINGS
39801,"Is wetter better?",17,1,0.0,0.0,migration_007_import,"2025-12-12 11:44:05",VERY_SHORT_NO_EARNINGS
43910,"Missing me yet? üíã",17,1,0.0,0.0,migration_007_import,"2025-12-12 11:44:05",VERY_SHORT_NO_EARNINGS
48472,"Spread me more? ü§≠",17,1,0.0,0.0,migration_007_import,"2025-12-12 11:44:05",VERY_SHORT_NO_EARNINGS
48616,"still busy babyy?",17,1,0.0,0.0,migration_007_import,"2025-12-12 11:44:05",VERY_SHORT_NO_EARNINGS
48739,"Still there baby?",17,1,0.0,0.0,migration_007_import,"2025-12-12 11:44:05",VERY_SHORT_NO_EARNINGS
48806,"still up babe?? ü•∫",17,1,0.0,0.0,migration_007_import,"2025-12-12 11:44:05",VERY_SHORT_NO_EARNINGS
48823,"still up daddy? ü•∫",17,1,0.0,0.0,migration_007_import,"2025-12-12 11:44:05",VERY_SHORT_NO_EARNINGS
48832,"still up for me?üôà",17,1,0.0,0.0,migration_007_import,"2025-12-12 11:44:05",VERY_SHORT_NO_EARNINGS
48849,"Still up, babe? üôà",17,1,0.0,0.0,migration_007_import,"2025-12-12 11:44:05",VERY_SHORT_NO_EARNINGS
48855,"Still up, baby?üòâüòà",17,1,0.0,0.0,migration_007_import,"2025-12-12 11:44:05",VERY_SHORT_NO_EARNINGS
48856,"Still up, baby?üòâüòâ",17,1,0.0,0.0,migration_007_import,"2025-12-12 11:44:05",VERY_SHORT_NO_EARNINGS
51585,"u working babe? üòû",17,1,0.0,0.0,migration_007_import,"2025-12-12 11:44:05",VERY_SHORT_NO_EARNINGS
51790,"up for some fun?üòà",17,1,0.0,0.0,migration_007_import,"2025-12-12 11:44:05",VERY_SHORT_NO_EARNINGS
51792,"Up for some fun?üòâ",17,1,0.0,0.0,migration_007_import,"2025-12-12 11:44:05",VERY_SHORT_NO_EARNINGS
53131,"wanna sext babe?ü•∞",17,1,0.0,0.0,migration_007_import,"2025-12-12 11:44:05",VERY_SHORT_NO_EARNINGS
53160,"Wanna slap it? ü§≠üçë",17,1,0.0,0.0,migration_007_import,"2025-12-12 11:44:05",VERY_SHORT_NO_EARNINGS
53248,"Wanna taste me? üëÄ",17,1,0.0,0.0,migration_007_import,"2025-12-12 11:44:05",VERY_SHORT_NO_EARNINGS
53927,"Watchuuu doing?‚ù§Ô∏è",17,1,0.0,0.0,migration_007_import,"2025-12-12 11:44:05",VERY_SHORT_NO_EARNINGS
54433,"What for lunch? üòä",17,1,0.0,0.0,migration_007_import,"2025-12-12 11:44:05",VERY_SHORT_NO_EARNINGS
55132,"What you up to? üòò",17,1,0.0,0.0,migration_007_import,"2025-12-12 11:44:05",VERY_SHORT_NO_EARNINGS
55168,"What's for lunch?",17,1,0.0,0.0,migration_007_import,"2025-12-12 11:44:05",VERY_SHORT_NO_EARNINGS
55295,"What's up baby? üòè",17,1,0.0,0.0,migration_007_import,"2025-12-12 11:44:05",VERY_SHORT_NO_EARNINGS
55296,"What's up baby? ü•∞",17,1,0.0,0.0,migration_007_import,"2025-12-12 11:44:05",VERY_SHORT_NO_EARNINGS
55297,"What's up baby? ü•µ",17,1,0.0,0.0,migration_007_import,"2025-12-12 11:44:05",VERY_SHORT_NO_EARNINGS
55300,"What's uppp babe?",17,1,0.0,0.0,migration_007_import,"2025-12-12 11:44:05",VERY_SHORT_NO_EARNINGS
55398,"whatcha up to rn?",17,1,0.0,0.0,migration_007_import,"2025-12-12 11:44:05",VERY_SHORT_NO_EARNINGS
56156,"Which hole first?",17,1,0.0,0.0,migration_007_import,"2025-12-12 11:44:05",VERY_SHORT_NO_EARNINGS
56767,"Works done boo? üôÑ",17,1,0.0,0.0,migration_007_import,"2025-12-12 11:44:05",VERY_SHORT_NO_EARNINGS
57565,"You awake, baby?üòå",17,1,0.0,0.0,migration_007_import,"2025-12-12 11:44:05",VERY_SHORT_NO_EARNINGS
57602,"you busy babyy? ü§î",17,1,0.0,0.0,migration_007_import,"2025-12-12 11:44:05",VERY_SHORT_NO_EARNINGS
58055,"You like them? üçíü§≠",17,1,0.0,0.0,migration_007_import,"2025-12-12 11:44:05",VERY_SHORT_NO_EARNINGS
58394,"you there babe? ü§î",17,1,0.0,0.0,migration_007_import,"2025-12-12 11:44:05",VERY_SHORT_NO_EARNINGS
59915,"üçí Boobs or Ass? üçë",17,1,0.0,0.0,migration_007_import,"2025-12-12 11:44:05",VERY_SHORT_NO_EARNINGS
1117,"hows ur day beenüíû",17,1,0.0,0.0,internal,"2025-11-30 07:11:27",VERY_SHORT_NO_EARNINGS
1130,"Congratss omggg üò≠",17,1,0.0,0.0,internal,"2025-11-30 07:11:27",VERY_SHORT_NO_EARNINGS
1577,"good morningggg ‚ú®",17,1,0.0,0.0,internal,"2025-11-30 07:11:27",VERY_SHORT_NO_EARNINGS
2066,"wyd right now? üíãüíó",17,1,0.0,0.0,internal,"2025-11-30 07:11:27",VERY_SHORT_NO_EARNINGS
2515,"heyyy let's talk!",17,1,0.0,0.0,internal,"2025-11-30 07:11:27",VERY_SHORT_NO_EARNINGS
3949,"That was hot BAE^",17,1,0.0,0.0,internal,"2025-11-30 07:11:27",VERY_SHORT_NO_EARNINGS
1764,"are u up rn? wyd?",17,1,0.0,0.0,internal,"2025-11-30 07:11:27",VERY_SHORT_NO_EARNINGS
2111,"Tip if you like ü•∞",17,1,0.0,0.0,internal,"2025-11-30 07:11:27",VERY_SHORT_NO_EARNINGS
20315,"you owe me a dm üòè",17,0,0.0,50.0,internal,"2025-12-11 05:10:44",VERY_SHORT_NEVER_USED
19672,"come play w me? üõù",17,0,0.0,50.0,internal,"2025-12-09 12:43:16",VERY_SHORT_NEVER_USED
19724,"Blue is my colorü¶ã",17,0,0.0,50.0,internal,"2025-12-09 12:44:22",VERY_SHORT_NEVER_USED
19920,"Daytime chillingüê∞",17,0,0.0,50.0,internal,"2025-12-09 12:50:25",VERY_SHORT_NEVER_USED
19965,"Thinking of you üñ§",17,0,0.0,50.0,internal,"2025-12-09 12:50:39",VERY_SHORT_NEVER_USED
20003,"too much for you?",17,0,0.0,50.0,internal,"2025-12-09 12:50:51",VERY_SHORT_NEVER_USED
20057,"üìö Pop Quiz Time üìö",17,0,0.0,50.0,internal,"2025-12-09 12:51:15",VERY_SHORT_NEVER_USED
20071,"lemme squat on it",17,0,0.0,50.0,internal,"2025-12-09 12:51:15",VERY_SHORT_NEVER_USED
20074,"finally fridayyyy",17,0,0.0,50.0,internal,"2025-12-09 12:51:15",VERY_SHORT_NEVER_USED
20279,"HAPPY SATURDAY üíãüíã",17,0,0.0,50.0,internal,"2025-12-11 05:10:08",VERY_SHORT_NEVER_USED
20290,"HARDER DADDY!! üò´üîû",17,0,0.0,50.0,internal,"2025-12-11 05:10:19",VERY_SHORT_NEVER_USED
20305,"Do you like it? ü´¶",17,0,0.0,50.0,internal,"2025-12-11 05:10:31",VERY_SHORT_NEVER_USED
51739,"UNSENDING SOON ‚òùüèºüíã",18,4,0.0,0.0,migration_007_import,"2025-12-12 11:44:05",VERY_SHORT_NO_EARNINGS
30547,"Good morning loveüòò",18,3,0.0,0.0,migration_007_import,"2025-12-12 11:44:05",VERY_SHORT_NO_EARNINGS
23048,"Are you still up?üòâ",18,3,0.0,0.0,migration_007_import,"2025-12-12 11:44:05",VERY_SHORT_NO_EARNINGS
32955,"how are you doing?",18,3,0.0,0.0,migration_007_import,"2025-12-12 11:44:05",VERY_SHORT_NO_EARNINGS
43445,"long day, daddy? üíï",18,3,0.0,0.0,migration_007_import,"2025-12-12 11:44:05",VERY_SHORT_NO_EARNINGS
43155,"lets get naughty üôà",18,2,0.0,0.0,migration_007_import,"2025-12-12 11:44:05",VERY_SHORT_NO_EARNINGS
22487,"Are you busy babe?",18,2,0.0,0.0,migration_007_import,"2025-12-12 11:44:05",VERY_SHORT_NO_EARNINGS
22508,"are you busy rn? ü•∫",18,2,0.0,0.0,migration_007_import,"2025-12-12 11:44:05",VERY_SHORT_NO_EARNINGS
23332,"Babe u still up? ü•∫",18,2,0.0,0.0,migration_007_import,"2025-12-12 11:44:05",VERY_SHORT_NO_EARNINGS
23648,"BABY!! u there? ‚ù§Ô∏è",18,2,0.0,0.0,migration_007_import,"2025-12-12 11:44:05",VERY_SHORT_NO_EARNINGS
32967,"how are you today?",18,2,0.0,0.0,migration_007_import,"2025-12-12 11:44:05",VERY_SHORT_NO_EARNINGS
33458,"How was your day?üíó",18,2,0.0,0.0,migration_007_import,"2025-12-12 11:44:05",VERY_SHORT_NO_EARNINGS
47133,"sext or sextape? üòà",18,2,0.0,0.0,migration_007_import,"2025-12-12 11:44:05",VERY_SHORT_NO_EARNINGS
51252,"Too busy for me? üòè",18,2,0.0,0.0,migration_007_import,"2025-12-12 11:44:05",VERY_SHORT_NO_EARNINGS
55298,"What's up babyy? üòâ",18,2,0.0,0.0,migration_007_import,"2025-12-12 11:44:05",VERY_SHORT_NO_EARNINGS
1815,"Good morning babyü•∞",18,2,0.0,0.0,internal,"2025-11-30 07:11:27",VERY_SHORT_NO_EARNINGS
21494,"### are you awakeüòà",18,1,0.0,0.0,migration_007_import,"2025-12-12 11:44:05",VERY_SHORT_NO_EARNINGS
21539,"### wake up baby üòà",18,1,0.0,0.0,migration_007_import,"2025-12-12 11:44:05",VERY_SHORT_NO_EARNINGS
22415,"are you alone rn ü´£",18,1,0.0,0.0,migration_007_import,"2025-12-12 11:44:05",VERY_SHORT_NO_EARNINGS
25140,"Can I lick your üçÜüòã",18,1,0.0,0.0,migration_007_import,"2025-12-12 11:44:05",VERY_SHORT_NO_EARNINGS
25305,"can u make me cumü•µ",18,1,0.0,0.0,migration_007_import,"2025-12-12 11:44:05",VERY_SHORT_NO_EARNINGS
26015,"Caught u looking üçë",18,1,0.0,0.0,migration_007_import,"2025-12-12 11:44:05",VERY_SHORT_NO_EARNINGS
26315,"Congratss daddyy ü§™",18,1,0.0,0.0,migration_007_import,"2025-12-12 11:44:05",VERY_SHORT_NO_EARNINGS
26556,"Cum in me, daddy üí¶",18,1,0.0,0.0,migration_007_import,"2025-12-12 11:44:05",VERY_SHORT_NO_EARNINGS
26587,"Cum play with me üòà",18,1,0.0,0.0,migration_007_import,"2025-12-12 11:44:05",VERY_SHORT_NO_EARNINGS
26589,"Cum play with me ü§≠",18,1,0.0,0.0,migration_007_import,"2025-12-12 11:44:05",VERY_SHORT_NO_EARNINGS
29657,"Eyes on me daddy üòà",18,1,0.0,0.0,migration_007_import,"2025-12-12 11:44:05",VERY_SHORT_NO_EARNINGS
30015,"filmed this with a",18,1,0.0,0.0,migration_007_import,"2025-12-12 11:44:05",VERY_SHORT_NO_EARNINGS
30187,"fuck i'm so wet rn",18,1,0.0,0.0,migration_007_import,"2025-12-12 11:44:05",VERY_SHORT_NO_EARNINGS
30448,"good morning babe!",18,1,0.0,0.0,migration_007_import,"2025-12-12 11:44:05",VERY_SHORT_NO_EARNINGS
30460,"Good morning babeüòò",18,1,0.0,0.0,migration_007_import,"2025-12-12 11:44:05",VERY_SHORT_NO_EARNINGS
30492,"Good morning babyüòò",18,1,0.0,0.0,migration_007_import,"2025-12-12 11:44:05",VERY_SHORT_NO_EARNINGS
30625,"good morning!!!! üòã",18,1,0.0,0.0,migration_007_import,"2025-12-12 11:44:05",VERY_SHORT_NO_EARNINGS
30779,"goodmorning babe!ü•∞",18,1,0.0,0.0,migration_007_import,"2025-12-12 11:44:05",VERY_SHORT_NO_EARNINGS
32209,"Hey there, babe! üëÄ",18,1,0.0,0.0,migration_007_import,"2025-12-12 11:44:05",VERY_SHORT_NO_EARNINGS
32214,"Hey there, cutie üòâ",18,1,0.0,0.0,migration_007_import,"2025-12-12 11:44:05",VERY_SHORT_NO_EARNINGS
32364,"Hey, good morning!",18,1,0.0,0.0,migration_007_import,"2025-12-12 11:44:05",VERY_SHORT_NO_EARNINGS
32708,"Hiii let's talk :)",18,1,0.0,0.0,migration_007_import,"2025-12-12 11:44:05",VERY_SHORT_NO_EARNINGS
32957,"How are you doingg",18,1,0.0,0.0,migration_007_import,"2025-12-12 11:44:05",VERY_SHORT_NO_EARNINGS
37428,"I'm all yours rn üëÖ",18,1,0.0,0.0,migration_007_import,"2025-12-12 11:44:05",VERY_SHORT_NO_EARNINGS
39077,"Im all yours babeüò©",18,1,0.0,0.0,migration_007_import,"2025-12-12 11:44:05",VERY_SHORT_NO_EARNINGS
42086,"Just checking in ‚ú®",18,1,0.0,0.0,migration_007_import,"2025-12-12 11:44:05",VERY_SHORT_NO_EARNINGS
42591,"Just wondering...üòè",18,1,0.0,0.0,migration_007_import,"2025-12-12 11:44:05",VERY_SHORT_NO_EARNINGS
43189,"Let‚Äôs get nasty üëÖüí¶",18,1,0.0,0.0,migration_007_import,"2025-12-12 11:44:05",VERY_SHORT_NO_EARNINGS
43765,"Mess me up, baby ü•µ",18,1,0.0,0.0,migration_007_import,"2025-12-12 11:44:05",VERY_SHORT_NO_EARNINGS
43903,"Missed you babyy üòò",18,1,0.0,0.0,migration_007_import,"2025-12-12 11:44:05",VERY_SHORT_NO_EARNINGS
44370,"Morning, trouble üòò",18,1,0.0,0.0,migration_007_import,"2025-12-12 11:44:05",VERY_SHORT_NO_EARNINGS
48127,"Snag it now baby üòâ",18,1,0.0,0.0,migration_007_import,"2025-12-12 11:44:05",VERY_SHORT_NO_EARNINGS
48173,"so horny rn habibi",18,1,0.0,0.0,migration_007_import,"2025-12-12 11:44:05",VERY_SHORT_NO_EARNINGS
51271,"Too hot to sleep ü•µ",18,1,0.0,0.0,migration_007_import,"2025-12-12 11:44:05",VERY_SHORT_NO_EARNINGS
51515,"u need this view ü§≠",18,1,0.0,0.0,migration_007_import,"2025-12-12 11:44:05",VERY_SHORT_NO_EARNINGS
51642,"Undress me babyy ü•µ",18,1,0.0,0.0,migration_007_import,"2025-12-12 11:44:05",VERY_SHORT_NO_EARNINGS
54006,"what are doing rnü•π",18,1,0.0,0.0,migration_007_import,"2025-12-12 11:44:05",VERY_SHORT_NO_EARNINGS
22131,"Am I ur favorite?üòè",18,1,0.0,0.0,migration_007_import,"2025-12-12 11:44:05",VERY_SHORT_NO_EARNINGS
22259,"any plans today? üòâ",18,1,0.0,0.0,migration_007_import,"2025-12-12 11:44:05",VERY_SHORT_NO_EARNINGS
22260,"Any plans tonight?",18,1,0.0,0.0,migration_007_import,"2025-12-12 11:44:05",VERY_SHORT_NO_EARNINGS
22332,"are u home now? ‚ù§Ô∏è",18,1,0.0,0.0,migration_007_import,"2025-12-12 11:44:05",VERY_SHORT_NO_EARNINGS
22458,"Are you at work? ü§î",18,1,0.0,0.0,migration_007_import,"2025-12-12 11:44:05",VERY_SHORT_NO_EARNINGS
22507,"are you busy rn? üôà",18,1,0.0,0.0,migration_007_import,"2025-12-12 11:44:05",VERY_SHORT_NO_EARNINGS
22629,"are you free rn? üíã",18,1,0.0,0.0,migration_007_import,"2025-12-12 11:44:05",VERY_SHORT_NO_EARNINGS
22710,"are you hard rn? üòà",18,1,0.0,0.0,migration_007_import,"2025-12-12 11:44:05",VERY_SHORT_NO_EARNINGS
22711,"Are you hard rn? ü§≠",18,1,0.0,0.0,migration_007_import,"2025-12-12 11:44:05",VERY_SHORT_NO_EARNINGS
23047,"Are you still up?üëÄ",18,1,0.0,0.0,migration_007_import,"2025-12-12 11:44:05",VERY_SHORT_NO_EARNINGS
23049,"Are you still up?üòè",18,1,0.0,0.0,migration_007_import,"2025-12-12 11:44:05",VERY_SHORT_NO_EARNINGS
23050,"are you still up?üòò",18,1,0.0,0.0,migration_007_import,"2025-12-12 11:44:05",VERY_SHORT_NO_EARNINGS
23556,"Baby are you busy?",18,1,0.0,0.0,migration_007_import,"2025-12-12 11:44:05",VERY_SHORT_NO_EARNINGS
23582,"Baby how are youu?",18,1,0.0,0.0,migration_007_import,"2025-12-12 11:44:05",VERY_SHORT_NO_EARNINGS
23810,"Baby, u there? ‚ù§Ô∏è!",18,1,0.0,0.0,migration_007_import,"2025-12-12 11:44:05",VERY_SHORT_NO_EARNINGS
24735,"big plans tonight?",18,1,0.0,0.0,migration_007_import,"2025-12-12 11:44:05",VERY_SHORT_NO_EARNINGS
24777,"Booty or curves? üíã",18,1,0.0,0.0,migration_007_import,"2025-12-12 11:44:05",VERY_SHORT_NO_EARNINGS
24853,"breakfast or me? üôä",18,1,0.0,0.0,migration_007_import,"2025-12-12 11:44:05",VERY_SHORT_NO_EARNINGS
24854,"breakfast or me? ü§™",18,1,0.0,0.0,migration_007_import,"2025-12-12 11:44:05",VERY_SHORT_NO_EARNINGS
24855,"Breakfast or me? ü´¶",18,1,0.0,0.0,migration_007_import,"2025-12-12 11:44:05",VERY_SHORT_NO_EARNINGS
25098,"Can I disturb you?",18,1,0.0,0.0,migration_007_import,"2025-12-12 11:44:05",VERY_SHORT_NO_EARNINGS
26038,"Chest or thighs? ü§î",18,1,0.0,0.0,migration_007_import,"2025-12-12 11:44:05",VERY_SHORT_NO_EARNINGS
26109,"Coffee or teats? üòâ",18,1,0.0,0.0,migration_007_import,"2025-12-12 11:44:05",VERY_SHORT_NO_EARNINGS
26289,"come warm me up? üòà",18,1,0.0,0.0,migration_007_import,"2025-12-12 11:44:05",VERY_SHORT_NO_EARNINGS
26543,"Cum before work? ü§≠",18,1,0.0,0.0,migration_007_import,"2025-12-12 11:44:05",VERY_SHORT_NO_EARNINGS
27132,"Did you miss me? üëÄ",18,1,0.0,0.0,migration_007_import,"2025-12-12 11:44:05",VERY_SHORT_NO_EARNINGS
27542,"Do you have a tat?",18,1,0.0,0.0,migration_007_import,"2025-12-12 11:44:05",VERY_SHORT_NO_EARNINGS
31232,"Guilty pleasure? ü§≠",18,1,0.0,0.0,migration_007_import,"2025-12-12 11:44:05",VERY_SHORT_NO_EARNINGS
31559,"Help me stretch? ü§≠",18,1,0.0,0.0,migration_007_import,"2025-12-12 11:44:05",VERY_SHORT_NO_EARNINGS
32089,"Hey daddyy! wyd? üòò",18,1,0.0,0.0,migration_007_import,"2025-12-12 11:44:05",VERY_SHORT_NO_EARNINGS
32230,"Hey u there boo? ü•∫",18,1,0.0,0.0,migration_007_import,"2025-12-12 11:44:05",VERY_SHORT_NO_EARNINGS
32235,"Hey whats uppp? ‚ù§Ô∏è",18,1,0.0,0.0,migration_007_import,"2025-12-12 11:44:05",VERY_SHORT_NO_EARNINGS
32303,"hey! you around? üôä",18,1,0.0,0.0,migration_007_import,"2025-12-12 11:44:05",VERY_SHORT_NO_EARNINGS
32489,"heyy whats uppp? üòç",18,1,0.0,0.0,migration_007_import,"2025-12-12 11:44:05",VERY_SHORT_NO_EARNINGS
32717,"hiiii what's up? üå∏",18,1,0.0,0.0,migration_007_import,"2025-12-12 11:44:05",VERY_SHORT_NO_EARNINGS
33548,"How'd your day go?",18,1,0.0,0.0,migration_007_import,"2025-12-12 11:44:05",VERY_SHORT_NO_EARNINGS
33763,"How‚Äôs your week? üôà",18,1,0.0,0.0,migration_007_import,"2025-12-12 11:44:05",VERY_SHORT_NO_EARNINGS
36706,"i want to sext‚Ä¶ üí¶üòâ",18,1,0.0,0.0,migration_007_import,"2025-12-12 11:44:05",VERY_SHORT_NO_EARNINGS
43389,"Liking the view? üëÄ",18,1,0.0,0.0,migration_007_import,"2025-12-12 11:44:05",VERY_SHORT_NO_EARNINGS
43877,"Missed me babyy? üòò",18,1,0.0,0.0,migration_007_import,"2025-12-12 11:44:05",VERY_SHORT_NO_EARNINGS
43878,"Missed me babyy? üòú",18,1,0.0,0.0,migration_007_import,"2025-12-12 11:44:05",VERY_SHORT_NO_EARNINGS
43882,"Missed me, baby? üòò",18,1,0.0,0.0,migration_007_import,"2025-12-12 11:44:05",VERY_SHORT_NO_EARNINGS
45493,"nerdy or slutty? ü´¶",18,1,0.0,0.0,migration_007_import,"2025-12-12 11:44:05",VERY_SHORT_NO_EARNINGS
46350,"Pussy for dinner?ü•µ",18,1,0.0,0.0,migration_007_import,"2025-12-12 11:44:05",VERY_SHORT_NO_EARNINGS
48615,"Still busy babe? ü•π",18,1,0.0,0.0,migration_007_import,"2025-12-12 11:44:05",VERY_SHORT_NO_EARNINGS
48817,"still up babyyy? üòá",18,1,0.0,0.0,migration_007_import,"2025-12-12 11:44:05",VERY_SHORT_NO_EARNINGS
48818,"still up babyyy? üòó",18,1,0.0,0.0,migration_007_import,"2025-12-12 11:44:05",VERY_SHORT_NO_EARNINGS
48831,"Still up for me? üçÜ",18,1,0.0,0.0,migration_007_import,"2025-12-12 11:44:05",VERY_SHORT_NO_EARNINGS
48861,"Still up, Daddy? üòè",18,1,0.0,0.0,migration_007_import,"2025-12-12 11:44:05",VERY_SHORT_NO_EARNINGS
50953,"Thong on or off? üòà",18,1,0.0,0.0,migration_007_import,"2025-12-12 11:44:05",VERY_SHORT_NO_EARNINGS
51247,"Too busy babe??? ü§î",18,1,0.0,0.0,migration_007_import,"2025-12-12 11:44:05",VERY_SHORT_NO_EARNINGS
51253,"Too busy for me? ü´¶",18,1,0.0,0.0,migration_007_import,"2025-12-12 11:44:05",VERY_SHORT_NO_EARNINGS
51449,"u at work already?",18,1,0.0,0.0,migration_007_import,"2025-12-12 11:44:05",VERY_SHORT_NO_EARNINGS
51536,"u still up habibi?",18,1,0.0,0.0,migration_007_import,"2025-12-12 11:44:05",VERY_SHORT_NO_EARNINGS
51584,"u working babe? ‚ù§Ô∏è",18,1,0.0,0.0,migration_007_import,"2025-12-12 11:44:05",VERY_SHORT_NO_EARNINGS
51789,"Up for some fun? üòà",18,1,0.0,0.0,migration_007_import,"2025-12-12 11:44:05",VERY_SHORT_NO_EARNINGS
51791,"up for some fun?üòàüíã",18,1,0.0,0.0,migration_007_import,"2025-12-12 11:44:05",VERY_SHORT_NO_EARNINGS
51807,"up to no good rn?üòà",18,1,0.0,0.0,migration_007_import,"2025-12-12 11:44:05",VERY_SHORT_NO_EARNINGS
52032,"wanna chat babe?‚ù§Ô∏è",18,1,0.0,0.0,migration_007_import,"2025-12-12 11:44:05",VERY_SHORT_NO_EARNINGS
52601,"Wanna play babe? üòà",18,1,0.0,0.0,migration_007_import,"2025-12-12 11:44:05",VERY_SHORT_NO_EARNINGS
52602,"Wanna play babe? üôà",18,1,0.0,0.0,migration_007_import,"2025-12-12 11:44:05",VERY_SHORT_NO_EARNINGS
52603,"Wanna play babe? ü§≠",18,1,0.0,0.0,migration_007_import,"2025-12-12 11:44:05",VERY_SHORT_NO_EARNINGS
52860,"Wanna see me rn? üëÄ",18,1,0.0,0.0,migration_007_import,"2025-12-12 11:44:05",VERY_SHORT_NO_EARNINGS
52910,"Wanna see more? üëÄüòâ",18,1,0.0,0.0,migration_007_import,"2025-12-12 11:44:05",VERY_SHORT_NO_EARNINGS
54839,"What turns you on?",18,1,0.0,0.0,migration_007_import,"2025-12-12 11:44:05",VERY_SHORT_NO_EARNINGS
54857,"What u doing rn? üëÄ",18,1,0.0,0.0,migration_007_import,"2025-12-12 11:44:05",VERY_SHORT_NO_EARNINGS
54863,"What u watching? üì∫",18,1,0.0,0.0,migration_007_import,"2025-12-12 11:44:05",VERY_SHORT_NO_EARNINGS
57812,"You hard for me? üòà",18,1,0.0,0.0,migration_007_import,"2025-12-12 11:44:05",VERY_SHORT_NO_EARNINGS
58398,"You there, babe? üòì",18,1,0.0,0.0,migration_007_import,"2025-12-12 11:44:05",VERY_SHORT_NO_EARNINGS
58399,"you there, baby? üòû",18,1,0.0,0.0,migration_007_import,"2025-12-12 11:44:05",VERY_SHORT_NO_EARNINGS
60710,"üü¢can we facetime?üü¢",18,1,0.0,0.0,migration_007_import,"2025-12-12 11:44:05",VERY_SHORT_NO_EARNINGS
1097,"I want to play rnüòà",18,1,0.0,0.0,internal,"2025-11-30 07:11:27",VERY_SHORT_NO_EARNINGS
1382,"As promised babe ü•∞",18,1,0.0,0.0,internal,"2025-11-30 07:11:27",VERY_SHORT_NO_EARNINGS
1832,"Fukin or suckin? ü•µ",18,1,0.0,0.0,internal,"2025-11-30 07:11:27",VERY_SHORT_NO_EARNINGS
2052,"Goodnight loves ‚ô•Ô∏è",18,1,0.0,0.0,internal,"2025-11-30 07:11:27",VERY_SHORT_NO_EARNINGS
2118,"How did you rest ?",18,1,0.0,0.0,internal,"2025-11-30 07:11:27",VERY_SHORT_NO_EARNINGS
3275,"You still awake? üòò",18,1,0.0,0.0,internal,"2025-11-30 07:11:27",VERY_SHORT_NO_EARNINGS
3388,"Just mine then^^^^",18,1,0.0,0.0,internal,"2025-11-30 07:11:27",VERY_SHORT_NO_EARNINGS
1976,"Goodnight baby ‚ô•Ô∏èüòò",18,1,0.0,0.0,internal,"2025-11-30 07:11:27",VERY_SHORT_NO_EARNINGS
19789,"Spread and ready üí¶",18,0,0.0,50.0,internal,"2025-12-09 12:49:37",VERY_SHORT_NEVER_USED
20000,"make my kitty purr",18,0,0.0,50.0,internal,"2025-12-09 12:50:51",VERY_SHORT_NEVER_USED
20149,"little scientist ü•∞",18,0,0.0,50.0,internal,"2025-12-09 12:51:40",VERY_SHORT_NEVER_USED
20210,"keep staring, bby‚Ä¶",18,0,0.0,50.0,internal,"2025-12-11 05:09:18",VERY_SHORT_NEVER_USED
20280,"Vip @kelseyxovip ü•∞",18,0,0.0,50.0,internal,"2025-12-11 05:10:08",VERY_SHORT_NEVER_USED
20372,"your new addiction",18,0,0.0,50.0,internal,"2025-12-11 05:10:57",VERY_SHORT_NEVER_USED
20385,"Fearless and fine.",18,0,0.0,50.0,internal,"2025-12-11 05:11:19",VERY_SHORT_NEVER_USED
20453,"Your little Miraüôàüå∏",18,0,0.0,50.0,internal,"2025-12-12 02:44:29",VERY_SHORT_NEVER_USED
54183,"What are you up to?",19,11,0.0,0.0,migration_007_import,"2025-12-12 11:44:05",VERY_SHORT_NO_EARNINGS
43151,"Lets break my bed üòà",19,7,0.0,0.0,migration_007_import,"2025-12-12 11:44:05",VERY_SHORT_NO_EARNINGS
23078,"are you there babe?",19,5,0.0,0.0,migration_007_import,"2025-12-12 11:44:05",VERY_SHORT_NO_EARNINGS
23176,"Are you up, baby?üòâüòâ",19,4,0.0,0.0,migration_007_import,"2025-12-12 11:44:05",VERY_SHORT_NO_EARNINGS
23850,"baby... you there üòò",19,3,0.0,0.0,migration_007_import,"2025-12-12 11:44:05",VERY_SHORT_NO_EARNINGS
30517,"good morning habibi",19,3,0.0,0.0,migration_007_import,"2025-12-12 11:44:05",VERY_SHORT_NO_EARNINGS
23044,"Are you still up? ü§î",19,3,0.0,0.0,migration_007_import,"2025-12-12 11:44:05",VERY_SHORT_NO_EARNINGS
54095,"what are you doing?",19,3,0.0,0.0,migration_007_import,"2025-12-12 11:44:05",VERY_SHORT_NO_EARNINGS
30560,"good morning to u üòä",19,2,0.0,0.0,migration_007_import,"2025-12-12 11:44:05",VERY_SHORT_NO_EARNINGS
46197,"play time daddyyyyüòà",19,2,0.0,0.0,migration_007_import,"2025-12-12 11:44:05",VERY_SHORT_NO_EARNINGS
59767,"‚¨ÜÔ∏è‚ùóÔ∏èüé∞ YOU WON üé∞‚ùóÔ∏è‚¨ÜÔ∏è",19,2,0.0,0.0,migration_007_import,"2025-12-12 11:44:05",VERY_SHORT_NO_EARNINGS
22419,"Are you alone rn? üòà",19,2,0.0,0.0,migration_007_import,"2025-12-12 11:44:05",VERY_SHORT_NO_EARNINGS
43054,"Let's be naughty? üòà",19,2,0.0,0.0,migration_007_import,"2025-12-12 11:44:05",VERY_SHORT_NO_EARNINGS
51788,"Up for some fun? ‚ù§Ô∏è",19,2,0.0,0.0,migration_007_import,"2025-12-12 11:44:05",VERY_SHORT_NO_EARNINGS
51986,"Wanna be nasty??? üòà",19,2,0.0,0.0,migration_007_import,"2025-12-12 11:44:05",VERY_SHORT_NO_EARNINGS
52611,"Wanna play tonight?",19,2,0.0,0.0,migration_007_import,"2025-12-12 11:44:05",VERY_SHORT_NO_EARNINGS
57450,"wyd right now babe?",19,2,0.0,0.0,migration_007_import,"2025-12-12 11:44:05",VERY_SHORT_NO_EARNINGS
22463,"Are you awake yet ü•∞",19,1,0.0,0.0,migration_007_import,"2025-12-12 11:44:05",VERY_SHORT_NO_EARNINGS
22745,"Are you horny babeü§≠",19,1,0.0,0.0,migration_007_import,"2025-12-12 11:44:05",VERY_SHORT_NO_EARNINGS
25332,"can we play a gameü§≠",19,1,0.0,0.0,migration_007_import,"2025-12-12 11:44:05",VERY_SHORT_NO_EARNINGS
26234,"Come play with me üòà",19,1,0.0,0.0,migration_007_import,"2025-12-12 11:44:05",VERY_SHORT_NO_EARNINGS
26253,"Come see me naked üíØ",19,1,0.0,0.0,migration_007_import,"2025-12-12 11:44:05",VERY_SHORT_NO_EARNINGS
26564,"cum lick it daddy üëÖ",19,1,0.0,0.0,migration_007_import,"2025-12-12 11:44:05",VERY_SHORT_NO_EARNINGS
26588,"Cum play with me üòòüí¶",19,1,0.0,0.0,migration_007_import,"2025-12-12 11:44:05",VERY_SHORT_NO_EARNINGS
26905,"Destroy me, daddy ü•µ",19,1,0.0,0.0,migration_007_import,"2025-12-12 11:44:05",VERY_SHORT_NO_EARNINGS
27274,"Dinner is served üôäü•µ",19,1,0.0,0.0,migration_007_import,"2025-12-12 11:44:05",VERY_SHORT_NO_EARNINGS
28808,"Dominate me, baby üòà",19,1,0.0,0.0,migration_007_import,"2025-12-12 11:44:05",VERY_SHORT_NO_EARNINGS
28993,"don‚Äôt ignore meee üò≠",19,1,0.0,0.0,migration_007_import,"2025-12-12 11:44:05",VERY_SHORT_NO_EARNINGS
29388,"entertain me habibi",19,1,0.0,0.0,migration_007_import,"2025-12-12 11:44:05",VERY_SHORT_NO_EARNINGS
29659,"Eyes on me, Daddy üòª",19,1,0.0,0.0,migration_007_import,"2025-12-12 11:44:05",VERY_SHORT_NO_EARNINGS
29699,"feelin dirty habibi",19,1,0.0,0.0,migration_007_import,"2025-12-12 11:44:05",VERY_SHORT_NO_EARNINGS
30138,"found the malibu üòãüôà",19,1,0.0,0.0,migration_007_import,"2025-12-12 11:44:05",VERY_SHORT_NO_EARNINGS
30186,"Fuck I want more ü•µü•µ",19,1,0.0,0.0,migration_007_import,"2025-12-12 11:44:05",VERY_SHORT_NO_EARNINGS
30272,"Get me wet daddy üëÖüí¶",19,1,0.0,0.0,migration_007_import,"2025-12-12 11:44:05",VERY_SHORT_NO_EARNINGS
30445,"good morning babe üíã",19,1,0.0,0.0,migration_007_import,"2025-12-12 11:44:05",VERY_SHORT_NO_EARNINGS
30447,"Good morning babe üòò",19,1,0.0,0.0,migration_007_import,"2025-12-12 11:44:05",VERY_SHORT_NO_EARNINGS
30470,"Good morning baby üòä",19,1,0.0,0.0,migration_007_import,"2025-12-12 11:44:05",VERY_SHORT_NO_EARNINGS
30474,"Good morning baby üòΩ",19,1,0.0,0.0,migration_007_import,"2025-12-12 11:44:05",VERY_SHORT_NO_EARNINGS
30536,"Good morning hehe ü•∞",19,1,0.0,0.0,migration_007_import,"2025-12-12 11:44:05",VERY_SHORT_NO_EARNINGS
30541,"good morning love üíï",19,1,0.0,0.0,migration_007_import,"2025-12-12 11:44:05",VERY_SHORT_NO_EARNINGS
30551,"Good morning papi üòª",19,1,0.0,0.0,migration_007_import,"2025-12-12 11:44:05",VERY_SHORT_NO_EARNINGS
30781,"Goodmorning baby ‚òÄÔ∏è",19,1,0.0,0.0,migration_007_import,"2025-12-12 11:44:05",VERY_SHORT_NO_EARNINGS
30801,"Gooood morninggg üëÄü•∞",19,1,0.0,0.0,migration_007_import,"2025-12-12 11:44:05",VERY_SHORT_NO_EARNINGS
31296,"Happy friday baby üíã",19,1,0.0,0.0,migration_007_import,"2025-12-12 11:44:05",VERY_SHORT_NO_EARNINGS
31327,"Happy Sunday baby ü•∞",19,1,0.0,0.0,migration_007_import,"2025-12-12 11:44:05",VERY_SHORT_NO_EARNINGS
32151,"Hey morning baby! üòâ",19,1,0.0,0.0,migration_007_import,"2025-12-12 11:44:05",VERY_SHORT_NO_EARNINGS
32273,"Hey! Been a while üòä",19,1,0.0,0.0,migration_007_import,"2025-12-12 11:44:05",VERY_SHORT_NO_EARNINGS
32275,"hey! good morning üòò",19,1,0.0,0.0,migration_007_import,"2025-12-12 11:44:05",VERY_SHORT_NO_EARNINGS
32470,"Heyy big dick wyd ü§≠",19,1,0.0,0.0,migration_007_import,"2025-12-12 11:44:05",VERY_SHORT_NO_EARNINGS
32942,"how are you babe :)",19,1,0.0,0.0,migration_007_import,"2025-12-12 11:44:05",VERY_SHORT_NO_EARNINGS
34117,"i cant sleep baby üò©",19,1,0.0,0.0,migration_007_import,"2025-12-12 11:44:05",VERY_SHORT_NO_EARNINGS
35362,"i know ur curious üòà",19,1,0.0,0.0,migration_007_import,"2025-12-12 11:44:05",VERY_SHORT_NO_EARNINGS
37263,"I woke up so lazy ü•≤",19,1,0.0,0.0,migration_007_import,"2025-12-12 11:44:05",VERY_SHORT_NO_EARNINGS
37784,"I'm so bored baby üòè",19,1,0.0,0.0,migration_007_import,"2025-12-12 11:44:05",VERY_SHORT_NO_EARNINGS
39190,"Im so wet rn babeü•µüí¶",19,1,0.0,0.0,migration_007_import,"2025-12-12 11:44:05",VERY_SHORT_NO_EARNINGS
42612,"Keep me entertained",19,1,0.0,0.0,migration_007_import,"2025-12-12 11:44:05",VERY_SHORT_NO_EARNINGS
43084,"Let's have some fun",19,1,0.0,0.0,migration_007_import,"2025-12-12 11:44:05",VERY_SHORT_NO_EARNINGS
43096,"Let's make a mess üí¶",19,1,0.0,0.0,migration_007_import,"2025-12-12 11:44:05",VERY_SHORT_NO_EARNINGS
43109,"Let's play a game üòà",19,1,0.0,0.0,migration_007_import,"2025-12-12 11:44:05",VERY_SHORT_NO_EARNINGS
43672,"Make me cum daddy ü•µ",19,1,0.0,0.0,migration_007_import,"2025-12-12 11:44:05",VERY_SHORT_NO_EARNINGS
43696,"Make my pussy wetüò©üí¶",19,1,0.0,0.0,migration_007_import,"2025-12-12 11:44:05",VERY_SHORT_NO_EARNINGS
43875,"miss youuuuu habibi",19,1,0.0,0.0,migration_007_import,"2025-12-12 11:44:05",VERY_SHORT_NO_EARNINGS
43918,"Missing you a bit üòò",19,1,0.0,0.0,migration_007_import,"2025-12-12 11:44:05",VERY_SHORT_NO_EARNINGS
45967,"Only 5 spots open üôà",19,1,0.0,0.0,migration_007_import,"2025-12-12 11:44:05",VERY_SHORT_NO_EARNINGS
46200,"play with me habibi",19,1,0.0,0.0,migration_007_import,"2025-12-12 11:44:05",VERY_SHORT_NO_EARNINGS
51193,"titty pic tuesdayüòãüòã",19,1,0.0,0.0,migration_007_import,"2025-12-12 11:44:05",VERY_SHORT_NO_EARNINGS
51316,"took this for you üòò",19,1,0.0,0.0,migration_007_import,"2025-12-12 11:44:05",VERY_SHORT_NO_EARNINGS
51318,"Took this in red ‚ù§Ô∏è",19,1,0.0,0.0,migration_007_import,"2025-12-12 11:44:05",VERY_SHORT_NO_EARNINGS
51823,"use me till i beg üí¶",19,1,0.0,0.0,migration_007_import,"2025-12-12 11:44:05",VERY_SHORT_NO_EARNINGS
54760,"what r u up toooooo",19,1,0.0,0.0,migration_007_import,"2025-12-12 11:44:05",VERY_SHORT_NO_EARNINGS
22173,"Any custom request?",19,1,0.0,0.0,migration_007_import,"2025-12-12 11:44:05",VERY_SHORT_NO_EARNINGS
22322,"Are u bussy babe? üëÄ",19,1,0.0,0.0,migration_007_import,"2025-12-12 11:44:05",VERY_SHORT_NO_EARNINGS
22350,"are u there babe? üòû",19,1,0.0,0.0,migration_007_import,"2025-12-12 11:44:05",VERY_SHORT_NO_EARNINGS
22420,"Are you alone rn? üòâ",19,1,0.0,0.0,migration_007_import,"2025-12-12 11:44:05",VERY_SHORT_NO_EARNINGS
22488,"are you busy babe?üëÄ",19,1,0.0,0.0,migration_007_import,"2025-12-12 11:44:05",VERY_SHORT_NO_EARNINGS
22726,"Are you home alone?",19,1,0.0,0.0,migration_007_import,"2025-12-12 11:44:05",VERY_SHORT_NO_EARNINGS
22732,"Are you home love?üòç",19,1,0.0,0.0,migration_007_import,"2025-12-12 11:44:05",VERY_SHORT_NO_EARNINGS
23042,"are you still up? üëÄ",19,1,0.0,0.0,migration_007_import,"2025-12-12 11:44:05",VERY_SHORT_NO_EARNINGS
23043,"Are you still up? üôÇ",19,1,0.0,0.0,migration_007_import,"2025-12-12 11:44:05",VERY_SHORT_NO_EARNINGS
23045,"Are you still up? ü§´",19,1,0.0,0.0,migration_007_import,"2025-12-12 11:44:05",VERY_SHORT_NO_EARNINGS
23046,"are you still up? ü§≠",19,1,0.0,0.0,migration_007_import,"2025-12-12 11:44:05",VERY_SHORT_NO_EARNINGS
23552,"baby are u there? üíî",19,1,0.0,0.0,migration_007_import,"2025-12-12 11:44:05",VERY_SHORT_NO_EARNINGS
23561,"Baby are you there?",19,1,0.0,0.0,migration_007_import,"2025-12-12 11:44:05",VERY_SHORT_NO_EARNINGS
23583,"Baby how are youu?üôà",19,1,0.0,0.0,migration_007_import,"2025-12-12 11:44:05",VERY_SHORT_NO_EARNINGS
24712,"Better on or off? ü§≠",19,1,0.0,0.0,migration_007_import,"2025-12-12 11:44:05",VERY_SHORT_NO_EARNINGS
24894,"Busy at work today?",19,1,0.0,0.0,migration_007_import,"2025-12-12 11:44:05",VERY_SHORT_NO_EARNINGS
25202,"Can I sit on you? üòè",19,1,0.0,0.0,migration_007_import,"2025-12-12 11:44:05",VERY_SHORT_NO_EARNINGS
25229,"can i suck you dry?",19,1,0.0,0.0,migration_007_import,"2025-12-12 11:44:05",VERY_SHORT_NO_EARNINGS
27393,"Do I turn you on? üòò",19,1,0.0,0.0,migration_007_import,"2025-12-12 11:44:05",VERY_SHORT_NO_EARNINGS
27478,"do you cum a lot? üí¶",19,1,0.0,0.0,migration_007_import,"2025-12-12 11:44:05",VERY_SHORT_NO_EARNINGS
29827,"Feeling horny rn? üòà",19,1,0.0,0.0,migration_007_import,"2025-12-12 11:44:05",VERY_SHORT_NO_EARNINGS
30872,"Got any requests? üòâ",19,1,0.0,0.0,migration_007_import,"2025-12-12 11:44:05",VERY_SHORT_NO_EARNINGS
30981,"Grab or squeeze? üòãüòà",19,1,0.0,0.0,migration_007_import,"2025-12-12 11:44:05",VERY_SHORT_NO_EARNINGS
31384,"Have you added me?üòç",19,1,0.0,0.0,migration_007_import,"2025-12-12 11:44:05",VERY_SHORT_NO_EARNINGS
31387,"have you cum today?",19,1,0.0,0.0,migration_007_import,"2025-12-12 11:44:05",VERY_SHORT_NO_EARNINGS
31521,"Heeeeeey! You busy?",19,1,0.0,0.0,migration_007_import,"2025-12-12 11:44:05",VERY_SHORT_NO_EARNINGS
31525,"Heeeyyy! Still up?ü§î",19,1,0.0,0.0,migration_007_import,"2025-12-12 11:44:05",VERY_SHORT_NO_EARNINGS
31553,"helloo whats upp? ü•∞",19,1,0.0,0.0,migration_007_import,"2025-12-12 11:44:05",VERY_SHORT_NO_EARNINGS
31644,"Hey babe you there?",19,1,0.0,0.0,migration_007_import,"2025-12-12 11:44:05",VERY_SHORT_NO_EARNINGS
32123,"Hey how‚Äôs it going?",19,1,0.0,0.0,migration_007_import,"2025-12-12 11:44:05",VERY_SHORT_NO_EARNINGS
32258,"Hey you‚Ä¶ miss me? üòò",19,1,0.0,0.0,migration_007_import,"2025-12-12 11:44:05",VERY_SHORT_NO_EARNINGS
32568,"Heyyyyy! You there?",19,1,0.0,0.0,migration_007_import,"2025-12-12 11:44:05",VERY_SHORT_NO_EARNINGS
32618,"Hi babe, working? üíã",19,1,0.0,0.0,migration_007_import,"2025-12-12 11:44:05",VERY_SHORT_NO_EARNINGS
32638,"Hi baby!  u busy? üòä",19,1,0.0,0.0,migration_007_import,"2025-12-12 11:44:05",VERY_SHORT_NO_EARNINGS
32718,"hiiii what's upppp?",19,1,0.0,0.0,migration_007_import,"2025-12-12 11:44:05",VERY_SHORT_NO_EARNINGS
32946,"How are you babe? üòä",19,1,0.0,0.0,migration_007_import,"2025-12-12 11:44:05",VERY_SHORT_NO_EARNINGS
32968,"How are you, baby?ü•∫",19,1,0.0,0.0,migration_007_import,"2025-12-12 11:44:05",VERY_SHORT_NO_EARNINGS
33264,"How have you been?üòä",19,1,0.0,0.0,migration_007_import,"2025-12-12 11:44:05",VERY_SHORT_NO_EARNINGS
33457,"how was your day? üòä",19,1,0.0,0.0,migration_007_import,"2025-12-12 11:44:05",VERY_SHORT_NO_EARNINGS
33577,"How's work today? üôÇ",19,1,0.0,0.0,migration_007_import,"2025-12-12 11:44:05",VERY_SHORT_NO_EARNINGS
33655,"How's your night? üòä",19,1,0.0,0.0,migration_007_import,"2025-12-12 11:44:05",VERY_SHORT_NO_EARNINGS
33808,"Hungry? I‚Äôm tasty üòà",19,1,0.0,0.0,migration_007_import,"2025-12-12 11:44:05",VERY_SHORT_NO_EARNINGS
36625,"i want to drain u üëÖ",19,1,0.0,0.0,migration_007_import,"2025-12-12 11:44:05",VERY_SHORT_NO_EARNINGS
39797,"is ur dick awake? üòà",19,1,0.0,0.0,migration_007_import,"2025-12-12 11:44:05",VERY_SHORT_NO_EARNINGS
43619,"Lunchtime tease? üç¥üëÖ",19,1,0.0,0.0,migration_007_import,"2025-12-12 11:44:05",VERY_SHORT_NO_EARNINGS
43677,"Make me cum?? üôàüôàü•∞ü•∞üíã",19,1,0.0,0.0,migration_007_import,"2025-12-12 11:44:05",VERY_SHORT_NO_EARNINGS
43884,"Missed me, Daddy? üòà",19,1,0.0,0.0,migration_007_import,"2025-12-12 11:44:05",VERY_SHORT_NO_EARNINGS
45425,"need a Hot drink? üî•",19,1,0.0,0.0,migration_007_import,"2025-12-12 11:44:05",VERY_SHORT_NO_EARNINGS
45963,"Online rn? me too üòè",19,1,0.0,0.0,migration_007_import,"2025-12-12 11:44:05",VERY_SHORT_NO_EARNINGS
46439,"r u awake daddyy? ü•π",19,1,0.0,0.0,migration_007_import,"2025-12-12 11:44:05",VERY_SHORT_NO_EARNINGS
46515,"ready for trouble?üòè",19,1,0.0,0.0,migration_007_import,"2025-12-12 11:44:05",VERY_SHORT_NO_EARNINGS
46569,"Ready to join me? üòà",19,1,0.0,0.0,migration_007_import,"2025-12-12 11:44:05",VERY_SHORT_NO_EARNINGS
48273,"Solo or Sex Tape? üëÄ",19,1,0.0,0.0,migration_007_import,"2025-12-12 11:44:05",VERY_SHORT_NO_EARNINGS
48274,"SOLO or SEX TAPE? üí¶",19,1,0.0,0.0,migration_007_import,"2025-12-12 11:44:05",VERY_SHORT_NO_EARNINGS
48382,"Soy tu √∫nica chica?",19,1,0.0,0.0,migration_007_import,"2025-12-12 11:44:05",VERY_SHORT_NO_EARNINGS
48507,"Squeeze or suck? üòãüçí",19,1,0.0,0.0,migration_007_import,"2025-12-12 11:44:05",VERY_SHORT_NO_EARNINGS
48593,"Still around boo? üòí",19,1,0.0,0.0,migration_007_import,"2025-12-12 11:44:05",VERY_SHORT_NO_EARNINGS
48819,"still up babyyy?? ü•∫",19,1,0.0,0.0,migration_007_import,"2025-12-12 11:44:05",VERY_SHORT_NO_EARNINGS
48919,"Still working rn? ü•∞",19,1,0.0,0.0,migration_007_import,"2025-12-12 11:44:05",VERY_SHORT_NO_EARNINGS
48976,"Stroke game ready?üòà",19,1,0.0,0.0,migration_007_import,"2025-12-12 11:44:05",VERY_SHORT_NO_EARNINGS
49005,"Suck or squeeze? üçíü•µ",19,1,0.0,0.0,migration_007_import,"2025-12-12 11:44:05",VERY_SHORT_NO_EARNINGS
49006,"Suck or squeeze? üòàü•µ",19,1,0.0,0.0,migration_007_import,"2025-12-12 11:44:05",VERY_SHORT_NO_EARNINGS
49540,"Tell me your kinksüòà",19,1,0.0,0.0,migration_007_import,"2025-12-12 11:44:05",VERY_SHORT_NO_EARNINGS
50313,"Think you can last?",19,1,0.0,0.0,migration_007_import,"2025-12-12 11:44:05",VERY_SHORT_NO_EARNINGS
50557,"Thirsty Thursday? üòª",19,1,0.0,0.0,migration_007_import,"2025-12-12 11:44:05",VERY_SHORT_NO_EARNINGS
51195,"tittyfuck anyone? ü§§",19,1,0.0,0.0,migration_007_import,"2025-12-12 11:44:05",VERY_SHORT_NO_EARNINGS
51521,"u ready for more? ü•µ",19,1,0.0,0.0,migration_007_import,"2025-12-12 11:44:05",VERY_SHORT_NO_EARNINGS
51965,"Wanna 69 with me? ü•µ",19,1,0.0,0.0,migration_007_import,"2025-12-12 11:44:05",VERY_SHORT_NO_EARNINGS
52633,"Wanna play, baby? üòè",19,1,0.0,0.0,migration_007_import,"2025-12-12 11:44:05",VERY_SHORT_NO_EARNINGS
52793,"wanna see it all? ü´£",19,1,0.0,0.0,migration_007_import,"2025-12-12 11:44:05",VERY_SHORT_NO_EARNINGS
52852,"wanna see me play?üòà",19,1,0.0,0.0,migration_007_import,"2025-12-12 11:44:05",VERY_SHORT_NO_EARNINGS
53293,"Wanna undress me? üíã",19,1,0.0,0.0,migration_007_import,"2025-12-12 11:44:05",VERY_SHORT_NO_EARNINGS
54846,"What turns you on?üëÄ",19,1,0.0,0.0,migration_007_import,"2025-12-12 11:44:05",VERY_SHORT_NO_EARNINGS
55416,"whats uppp babee? üòò",19,1,0.0,0.0,migration_007_import,"2025-12-12 11:44:05",VERY_SHORT_NO_EARNINGS
55429,"What‚Äôre you up too?",19,1,0.0,0.0,migration_007_import,"2025-12-12 11:44:05",VERY_SHORT_NO_EARNINGS
57472,"wydddd I wanna talk",19,1,0.0,0.0,migration_007_import,"2025-12-12 11:44:05",VERY_SHORT_NO_EARNINGS
57560,"you at work babe? üòä",19,1,0.0,0.0,migration_007_import,"2025-12-12 11:44:05",VERY_SHORT_NO_EARNINGS
57775,"You free to chat? üòè",19,1,0.0,0.0,migration_007_import,"2025-12-12 11:44:05",VERY_SHORT_NO_EARNINGS
57814,"You hard rn baby? üçÜ",19,1,0.0,0.0,migration_007_import,"2025-12-12 11:44:05",VERY_SHORT_NO_EARNINGS
58217,"you online daddy? üíï",19,1,0.0,0.0,migration_007_import,"2025-12-12 11:44:05",VERY_SHORT_NO_EARNINGS
58218,"You online, baby? üòò",19,1,0.0,0.0,migration_007_import,"2025-12-12 11:44:05",VERY_SHORT_NO_EARNINGS
1126,"Good morning baby üåû",19,1,0.0,0.0,internal,"2025-11-30 07:11:27",VERY_SHORT_NO_EARNINGS
1392,"Let‚Äôs get naughty üòà",19,1,0.0,0.0,internal,"2025-11-30 07:11:27",VERY_SHORT_NO_EARNINGS
1930,"How did you sleep ?",19,1,0.0,0.0,internal,"2025-11-30 07:11:27",VERY_SHORT_NO_EARNINGS
2194,"Thinking of me yet?",19,1,0.0,0.0,internal,"2025-11-30 07:11:27",VERY_SHORT_NO_EARNINGS
2274,"u want more habibi?",19,1,0.0,0.0,internal,"2025-11-30 07:11:27",VERY_SHORT_NO_EARNINGS
2361,"Spoil me babyyyy üòàüòà",19,1,0.0,0.0,internal,"2025-11-30 07:11:27",VERY_SHORT_NO_EARNINGS
2912,"Happy Sunday Habibi",19,1,0.0,0.0,internal,"2025-11-30 07:11:27",VERY_SHORT_NO_EARNINGS
2934,"Afternoon delight üòé",19,1,0.0,0.0,internal,"2025-11-30 07:11:27",VERY_SHORT_NO_EARNINGS
3539,"Me n my friend üçíüçíüçíüçí",19,1,0.0,0.0,internal,"2025-11-30 07:11:27",VERY_SHORT_NO_EARNINGS
3850,"fuckkk I'm horny rn",19,1,0.0,0.0,internal,"2025-11-30 07:11:27",VERY_SHORT_NO_EARNINGS
51064,"Tip for a suprise ü§§",19,1,0.0,0.0,migration_007_import,"2025-12-12 11:44:05",VERY_SHORT_NO_EARNINGS
20446,"dm if you'd fuck me",19,0,0.0,50.0,internal,"2025-12-12 02:44:17",VERY_SHORT_NEVER_USED
20496,"tottaly ur type ^_^",19,0,0.0,50.0,scraped,"2025-12-12 03:36:14",VERY_SHORT_NEVER_USED
19727,"Boring car selfiesü§™",19,0,0.0,50.0,internal,"2025-12-09 12:44:22",VERY_SHORT_NEVER_USED
19891,"Get naked with me üòõ",19,0,0.0,50.0,internal,"2025-12-09 12:50:13",VERY_SHORT_NEVER_USED
20035,"Gorgeous by nature.",19,0,0.0,50.0,internal,"2025-12-09 12:51:04",VERY_SHORT_NEVER_USED
20040,"All this is for you",19,0,0.0,50.0,internal,"2025-12-09 12:51:04",VERY_SHORT_NEVER_USED
20044,"pull my hair papi üî•",19,0,0.0,50.0,internal,"2025-12-09 12:51:04",VERY_SHORT_NEVER_USED
20152,"Life funny moment üòã",19,0,0.0,50.0,internal,"2025-12-09 12:51:40",VERY_SHORT_NEVER_USED
20387,"Flawless by nature.",19,0,0.0,50.0,internal,"2025-12-11 05:11:19",VERY_SHORT_NEVER_USED
